USE `shop`;

INSERT INTO `permission_group` (`id`, `name`, `showUser`, `modifyUser`, `deleteUser`, `showUserPerms`, `modifyUserPerms`, `showProduct`, `createProduct`, `modifyProduct`, `showCategories`, `modifyCategories`, `deleteCategories`, `createCategories`, `showOrders`, `markOrders`) VALUES
(1, 'default', 0, 0, 0, 0, 0, 0, 0, 0, 0, 0, 0, 0, 0, 0),
(2, 'admin', 1, 1, 1, 1, 1, 1, 1, 1, 1, 1, 1, 1, 1, 1),
(3, 'employee', 1, 0, 0, 1, 0, 1, 1, 1, 1, 0, 0, 0, 1, 1);

INSERT INTO `users` (`id`, `email`, `passwort`, `vorname`, `nachname`, `created_at`, `updated_at`, `passwortcode`, `passwortcode_time`, `permission_group`) VALUES
(1, 'admin@delta-hardware.de', '$2y$1$2y$10$SfhYIDtn.iOuCW7zfoFLuuZHX6lja4lF4XA4JqNmpiH/.P3zB8JCa0$SfhYIDtn.iOu$2y$10$SfhYIDtn.iOuCW7zfoFLuuZHX6lja4lF4XA4JqNmpiH/.P3zB8JCa$2y$10$SfhYIDtn.iOuCW7zfoFLuuZHX6lja4lF4XA4JqNmp$2y$10$SfhYIDtn.iOuCW7zfoFLuuZH', 'Admin', 'User', '2022-02-04 07:57:26', '2022-04-25 06:08:37', NULL, NULL, 1),
(70, 'test@delta-hardware.de', '$2y$10$ISahngM2apEHAbYjS0pusO2jxDd29qCaVHk2KpgVIXvhRU5fkATW6', 'Test', 'User', '2022-05-25 14:11:16', '2022-05-25 14:11:26', NULL, NULL, 2);

INSERT INTO `citys` (`id`, `PLZ`, `city`) VALUES
(8, 70565, 'Stuttgart');

INSERT INTO `address` (`id`, `user_id`, `citys_id`, `street`, `number`, `default`, `created_at`, `updated_at`) VALUES
(1, 1, 8, 'Breitwiesenstraße', '20-22', 0, '2022-05-25 13:07:49', '2022-05-25 13:07:49'),
(15, 70, 8, 'Breitwiesenstraße', '20-22', 0, '2022-05-25 14:17:47', '2022-05-25 14:17:47');

INSERT INTO `products_types` (`id`, `parent_id`, `type`, `created_at`, `updated_at`) VALUES
(1, 0, 'Hardware', '2022-02-07 14:22:54', '2022-03-12 18:32:20'),
(2, 0, 'Monitore', '2022-03-12 18:39:16', '2022-03-12 18:40:58'),
(3, 0, 'Peripherie', '2022-03-12 18:49:04', '2022-03-12 18:49:04'),
(4, 0, 'Netzwerktechnik', '2022-03-12 18:53:02', '2022-03-12 18:53:02'),
(5, 0, 'Audio', '2022-03-12 18:56:55', '2022-03-12 18:56:55'),
(6, 0, 'Zubehör', '2022-03-12 19:49:43', '2022-04-25 09:50:59'),
(7, 6, 'Wartung', '2022-03-23 19:03:10', '2022-04-25 09:52:03'),
(8, 6, 'Software', '2022-04-25 09:47:37', '2022-04-25 09:52:11'),
(50, 1, 'Arbeitsspeicher', '2022-03-11 10:34:41', '2022-03-12 18:39:38'),
(51, 1, 'CPUs', '2022-03-11 10:34:57', '2022-03-12 18:39:43'),
(52, 1, 'CPU Kühler', '2022-03-11 10:43:53', '2022-03-12 18:39:48'),
(53, 1, 'Festplatten & SSDs', '2022-03-11 10:43:53', '2022-03-12 18:39:54'),
(54, 1, 'Grafikkarten', '2022-02-10 04:36:35', '2022-03-12 18:39:59'),
(55, 1, 'Laufwerke', '2022-03-11 10:43:53', '2022-03-12 18:41:10'),
(56, 1, 'Mainboards', '2022-03-11 10:43:53', '2022-03-12 18:41:17'),
(57, 1, 'Netzteile', '2022-03-11 10:43:53', '2022-03-12 18:41:24'),
(58, 1, 'Gehäuse', '2022-03-11 10:43:53', '2022-03-12 18:41:45'),
(59, 1, 'Kühlung', '2022-03-11 10:43:53', '2022-03-12 18:41:54'),
(60, 1, 'Serverschrank', '2022-03-11 10:43:53', '2022-03-12 18:42:10'),
(100, 2, '24 Zoll', '2022-03-11 10:43:53', '2022-03-12 18:44:03'),
(101, 2, '27 Zoll', '2022-03-11 10:43:53', '2022-03-12 18:49:50'),
(102, 2, '32 Zoll', '2022-03-11 10:43:53', '2022-03-12 18:49:57'),
(103, 2, '34 Zoll', '2022-03-11 10:43:53', '2022-03-12 18:49:57'),
(104, 2, '49 Zoll', '2022-03-11 10:43:53', '2022-03-12 18:49:57'),
(105, 2, 'Monitorzubehör', '2022-03-11 10:43:53', '2022-03-13 17:59:58'),
(150, 3, 'Office-Mäuse', '2022-03-11 10:43:53', '2022-03-12 18:52:34'),
(151, 3, 'Gaming-Mäuse', '2022-03-11 10:43:53', '2022-03-12 18:52:26'),
(152, 3, 'Mauspads', '2022-03-11 10:43:53', '2022-03-12 18:51:34'),
(153, 3, 'Office-Tastaturen', '2022-03-11 10:43:53', '2022-03-12 18:51:46'),
(154, 3, 'Gaming-Tastaturen', '2022-03-11 10:43:53', '2022-03-12 18:51:53'),
(155, 3, 'Joystick', '2022-03-11 10:43:53', '2022-03-12 18:52:03'),
(156, 3, 'Lenkräder', '2022-03-11 10:43:53', '2022-03-12 18:52:12'),
(157, 3, 'Controller', '2022-03-11 10:43:53', '2022-03-12 18:52:47'),
(158, 3, 'USB-Hubs', '2022-03-11 10:43:53', '2022-03-12 18:55:37'),
(200, 4, 'Access-Points', '2022-03-11 10:43:53', '2022-03-12 18:53:20'),
(201, 4, 'Bluetooth Adapter', '2022-03-11 10:43:53', '2022-03-12 18:53:29'),
(202, 4, 'Netzwerkswitches', '2022-03-11 10:43:53', '2022-03-12 18:53:47'),
(203, 4, 'Router', '2022-03-11 10:43:53', '2022-03-12 18:54:01'),
(204, 4, 'WLAN Repeater', '2022-03-11 10:43:53', '2022-03-12 18:54:12'),
(250, 5, 'Headsets', '2022-03-11 10:43:53', '2022-03-12 18:55:49'),
(251, 5, 'Kopfhörer', '2022-03-11 10:43:53', '2022-03-12 18:55:59'),
(252, 5, 'Mikrofone', '2022-03-11 10:43:53', '2022-03-12 18:56:06'),
(253, 5, 'Lautsprecher', '2022-03-11 10:43:53', '2022-03-12 18:56:15'),
(254, 5, 'Soundbar', '2022-03-11 10:43:53', '2022-03-12 18:56:24'),
(255, 5, 'Soundkarten', '2022-03-11 10:43:53', '2022-03-12 18:56:29');

INSERT INTO `products` (`id`, `name`, `desc`, `product_type_id`, `price`, `rrp`, `quantity`, `created_at`, `updated_at`, `visible`) VALUES
(8, 'Classic Vintage Monitor', 'Best Device ever.', 7, '1099.99', '1099.99', 200, '2022-03-13 19:03:15', '2022-05-25 13:02:23', 0),
(11, 'Rick Astley\'s Mikrofon', 'This Mikrofon never gonna gives you up <br>\r\n(wir lassen das mal so stehen)', 252, '69420.00', '69421.00', 197, '2022-03-23 07:57:08', '2022-05-25 14:17:52', 1),
(13, 'SAMSUNG 24 Zoll Full-HD Monitor', 'SAMSUNG LF24T350FHRXEN 24 Zoll Full-HD Monitor, 5 ms Reaktionszeit & 75 Hz', 100, '150.00', '150.00', 199, '2022-04-11 07:26:58', '2022-05-25 13:11:08', 1),
(14, 'Lenovo 27\" Monitor', 'Lenovo 27\" Monitor D27-30 - 27\" FHD LED Monitor - Schwarz - 4 ms AMD FreeSync', 101, '129.00', '129.00', 197, '2022-04-11 07:29:17', '2022-05-25 13:23:05', 1),
(15, 'Lenovo D32qc', 'Lenovo D32qc-20 - 80 cm (32 Zoll), LED, Curved, VA-Panel, WQHD-Auflösung', 102, '200.00', '200.00', 199, '2022-04-13 06:42:05', '2022-05-25 13:26:43', 1),
(16, 'LG UltraWide 34WP500 ', 'LG UltraWide 34WP500 ', 103, '280.00', '280.00', 198, '2022-04-13 06:51:27', '2022-05-25 13:36:17', 1),
(17, '32GB G.Skill Trident Z Neo DDR4-3600 DIMM CL16 Dual Kit', 'Speicherleistung und lebendige RGB-Beleuchtung für jeden Gaming-PC oder jede Workstation mit AMD Ryzen™ 3000 CPUs und AMD X570 Mainboards.\r\n\r\nDer Trident Z Neo wurde entwickelt, um die Speicherleistung mit den neuesten Prozessoren der AMD Ryzen 3000 Serie auf der X570-Plattform zu skalieren, und ist optimiert, um die Plattform auf ihre maximale Geschwindigkeit zu bringen.\r\n\r\nEntworfen mit einem Kontrast aus schwarzem gebürstetem Aluminium und pulverbeschichtetem Silber, verleiht der Trident Z Neo zweifarbige Wärmeverteiler Ihrer nächsten Generation Kraft und Kühnheit.\r\n\r\nInspiriert von den Rennstreifen von Sportwagen und Supersportwagen, verfügt der Trident Z Neo über eine abgeschrägte Kante an der Oberseite des charakteristischen Tri-Finnen-Designs mit der asymmetrischen Neigung für einen eleganten und sauberen Look.\r\n\r\nJedes Modul wurde mit handgefertigten Speicher-ICs und kundenspezifischen 10-Lagen-Leiterplatten hergestellt und ist für die Aufrechterhaltung der besten Signalintegrität und schnelle Übertaktungsleistung ausgelegt.\r\n\r\nDie Trident Z-Serie von G.Skill umfasst verschiedene Unterkategorien wie RGB, Royal und Neo. Eines haben jedoch alle gemeinsam: Sie zeichnen sich durch extrem niedrige Latenzen und einzigartige Leistung aus. Die hohe Stabilität sorgt für endlose Stunden Vergnügen. Moderne Designs runden den RAM ab.\r\n\r\nHohe Taktfrequenzen von bis zu 3.600 MHz in Kombination mit niedrigen Latenzen und Overclocking sorgen für beste Voraussetzungen. Kompromisslose Leistung erlaubt es, selbst bei sehr CPU-lastigen Anwendungen beste Ergebnisse zu erzielen.\r\n\r\n\r\nDie G.Skill Trident Z-Serie präsentiert sich nicht nur in verschiedenen Designs. Sie eignet sich auch für diverse Systeme und harmoniert mit vielen Komponenten. Mit AMD-Hardware werden die Vorteile besonders deutlich.\r\n\r\n\r\nTrident Z RAM sind ausschließlich auf DDR4-Basis erhältlich. Benötigen Sie CPU mit DDR3-Slot, erwarten Sie bei G.Skill andere Serien für performantes Gaming.\r\n\r\n\r\nJe nach RAM sind Taktraten von 2.400 MHz bis zu 4.600 MHz möglich. Single Kits erhalten Sie mit einer Gesamtkapazität von 8 bis 16 GB, Dual/Quad-Kits mit 16 bis 32 GB.\r\n\r\nModellname:	Trident Z Neo\r\nGesamtkapazität:	32GB\r\nAnzahl der Module:	2x\r\nKapazität der Einzelmodule:	16GB\r\nArt des Speichers:	DDR4-3600\r\nJEDEC Norm:	PC4-28800U\r\nSpeichertyp:	unbuffered\r\nBauform:	DIMM\r\nSpeicherinterface:	DDR4\r\nMax. Frequenz:	3600MHz\r\nVerpackung:	Dual Kit\r\nSpannung:	1.35V\r\nAnschluss des Speichers:	288-pin\r\nLatenz (CL):	CL16\r\nRAS to CAS Delay (tRCD):	19\r\nRas Precharge Time (tRP):	19\r\nRow Active Time (tRAS):	39\r\nBesonderheiten:	RGB-Beleuchtung, XMP 2.0 Unterstützung', 50, '194.00', '230.00', 182, '2022-04-13 06:55:38', '2022-05-25 14:28:27', 1),
(18, 'AMD Ryzen 7 5800X 8x 3.80GHz So.AM4 WOF', 'Konzipiert, um Erwartungen zu übertreffen\r\nDer Prozessor aus der Vermeer-Familie mit Zen-3-Architektur ist nicht ohne Grund ein Elite-Gaming-Modell. Er verfügt über 8 CPU-Kerne, 16 Threads und einer Taktrate von 3.80 bis 4.70 GHz. Gaming mit hohen FPS ist also kein Problem. Wie alle CPUs der 5000er Ryzen™-Serie verringert der neu gestaltete L3-Cache mit 32MB Latenzen\r\n\r\nAMD Ryzen™ Prozessoren bieten die besten Features, um im Spiel zu bleiben.\r\nNeueste Technologien zur Unterstützung außergewöhnlicher Performance. Alle AMD Ryzen™ 5000 Prozessoren bieten eine vollständige Suite von Technologien, die für mehr Performance auf Ihrem PC sorgt - darunter Precision Boost 2, Precision Boost Overdrive und PCIe® 4.0.\r\n\r\nAMD Ryzen™ Prozessoren sind einfach konfigurierbar und anpassbar.\r\nFür einander geschaffen. Mainboards mit neuestem AMD 500 Chipsatz und AMD Ryzen 5000 Prozessoren. Optimiere den neuen Ryzen™ 5000 mit Ryzen™ Master und AMD StoreMI.\r\n\r\nDie \"Zen 3\"-Architektur basiert auf dem neuen \"Unified Complex\"-Konzept, das 8 Kerne und einen 32-MB-L3-Cache zu einer einzigen Ressourcengruppe vereint. Mehr Anweisungen pro Takt und geringere Latenzen sind insbesondere für PC-Spiele ein großer Vorteil. 19 % höhere Befehlsraten pro Zyklus und geringere Latenz gehen ganz ohne eine Erhöhung des Stromverbrauchs einher.\r\n\r\nWie alle Ryzen-CPUs verfügt auch der 5800X-Prozessor werksseitig über einen freigeschalteten Multiplikator, um die Leistung exakt auf die eigenen Anforderungen anpassen zu können.\r\n\r\nWer gern in die Virtual Reality abtaucht, ist beim AMD Ryzen™ 7 5800X beim richtigen Prozessor angekommen. Die VR-Ready-Prozessoren geben Gewissheit, dass genügend Rechnerleistung für die Workloads von VR-Erlebnissen vorhanden ist. Die Modelle mit diesem Label erfüllen oder übertreffen sogar die minimalen Spezifikationen für Prozessoren der aktuell besten VR-HMD-Hersteller wie Oculus Rift, HTC Vive oder Microsoft Windows® Mixed Reality.', 51, '309.00', '328.00', 199, '2022-04-13 06:58:20', '2022-05-25 13:12:29', 1),
(19, 'Samsung C49HG90DMR', 'Samsung C49HG90DMR - 49 Zoll, UltraWide Full HD (3840 x 1080), VA-Panel, 144Hz, 1ms, 350cd/m², DisplayHDR 600 (LC49HG90DMRXEN)', 104, '718.00', '718.00', 199, '2022-04-13 06:58:38', '2022-05-25 13:12:29', 1),
(20, 'AMD Ryzen 5 5600X 6x 3.70GHz So.AM4 BOX', 'Konzipiert, um Erwartungen zu übertreffen\r\nDer AMD Ryzen™ 5 5600X ist ein echter Preistipp unter den Alltags- und Gaming-Prozessoren, der auch in günstigen Gaming-Rechnern eine gute Figur abgibt. Der Prozessor verfügt über sechs Kerne mit Multithreading (12 Threads) zur parallelen Bearbeitung mehrerer Tasks. Die CPU taktet von 3,7 bis 4,6 Gigahertz und unterstützt DDR4-3200-RAM. Die L1- und L2-Caches sind im Vergleich zur Vorgängergeneration mehr oder weniger gleich geblieben, dafür hat sich beim L3-Cache etwas getan: Auf diesen greifen nun je nach Modell bis zu acht Kerne gleichzeitig zu. Dieses neue Cache-Modell verringert die Latenzen, was gerade dem Gaming zugutekommt.\r\n\r\nAMD Ryzen™ Prozessoren bieten die besten Features, um im Spiel zu bleiben.\r\nNeueste Technologien zur Unterstützung außergewöhnlicher Performance. Alle AMD Ryzen™ 5000 Prozessoren bieten eine vollständige Suite von Technologien, die für mehr Performance auf Ihrem PC sorgt - darunter Precision Boost 2, Precision Boost Overdrive und PCIe® 4.0.\r\n\r\nAMD Ryzen™ Prozessoren sind einfach konfigurierbar und anpassbar.\r\nFür einander geschaffen. Mainboards mit neuestem AMD 500 Chipsatz und AMD Ryzen 5000 Prozessoren. Optimieren Sie den neuen Ryzen™ 5000 mit Ryzen™ Master und AMD StoreMI.\r\n\r\nDie \"Zen 3\"-Architektur basiert auf dem neuen \"Unified Complex\"-Konzept, das bis zu acht Kerne und einen 32-MB-L3-Cache zu einer einzigen Ressourcengruppe vereint. Mehr Anweisungen pro Takt und geringere Latenzen sind insbesondere für PC-Spiele ein großer Vorteil. 19 % höhere Befehlsraten pro Zyklus und geringere Latenz kommen ganz ohne eine Erhöhung des Stromverbrauchs aus.\r\n\r\nWie alle RyzenTM-CPUs ist auch beim 5600X-Prozessor werksseitig der Multiplikator freigeschaltet. Mithilfe des AMD-RyzenTM-Master-Dienstprogramms kann die Leistung der CPU an individuelle Anforderungen angepasst werden.', 51, '224.00', '240.00', 199, '2022-04-13 07:01:14', '2022-05-25 13:17:22', 1),
(21, 'AMD Ryzen 9 5900X 12x 3.70GHz So.AM4 WOF', 'Konzipiert, um Erwartungen zu übertreffen\r\nDer AMD Ryzen™ 9 5900X besitzt 12 CPU-Kerne auf Basis der Zen-3-Architektur, der inzwischen vierten Zen-Generation. Im Vergleich zu den Vorgängern hat nun jeder Prozessorkern Zugriff auf den gesamten L3-Cache. 24 Threads und eine Taktfrequenz von bis zu 4.80 GHz bieten High-Performance bei Gaming, Streaming, Videobearbeitung oder 3D-Renderings. Alle AMD-Ryzen™-5000-Prozessoren, so auch der 5900er, bieten Technologien, die für mehr Performance auf Ihrem PC sorgen; unter anderem Precision Boost 2, Precision Boost Overdrive und PCIe® 4.0.\r\n\r\nAMD Ryzen™ Prozessoren bieten die besten Features, um im Spiel zu bleiben.\r\nNeueste Technologien zur Unterstützung außergewöhnlicher Performance. Alle AMD Ryzen™ 5000 Prozessoren bieten eine vollständige Suite von Technologien, die für mehr Performance auf Ihrem PC sorgt - darunter Precision Boost 2, Precision Boost Overdrive und PCIe® 4.0.\r\n\r\nAMD Ryzen™ Prozessoren sind einfach konfigurierbar und anpassbar.\r\nFür einander geschaffen. Mainboards mit neuestem AMD 500 Chipsatz und AMD Ryzen 5000 Prozessoren. Optimiere den neuen Ryzen™ 5000 mit Ryzen™ Master und AMD StoreMI.\r\n\r\nDer \"Zen 3\"-Architektur liegt das neue \"Unified Complex\"-Konzept zugrunde, das bis zu acht Kerne und einen 32-MB-L3-Cache zu einer einzigen Ressourcengruppe zusammenfügt. Mehr Anweisungen pro Takt und geringere Latenzen sind insbesondere für latenzkritische Anwendungen wie Spiele ein großer Vorteil.\r\n\r\nWie bei allen Ryzen™-CPUs ist auch beim 5600X-Prozessor werksseitig der Multiplikator freigeschaltet. Mithilfe des AMD-Ryzen™-Master-Dienstprogramms ist die Leistung des Prozessors individuell anpassbar.\r\n\r\nDank VR-Ready-Premium-Siegel können Sie mit diesem Prozessor voll und ganz in die virtuelle Welt abtauchen. Die geforderten Spezifikationen für Oculus Rift, HTC Vive oder Microsoft Windows® Mixed Reality werden dabei mühelos erreicht und sogar übertroffen.\r\n***ACHTUNG:****\r\nDie Verwendung der CPU ist nur in Verbindung der Mainboards mit AMD 500-Serie Chipset möglich. Bitte prüfen Sie die Kompatibilität auf der Herstellerseite.', 51, '409.00', '409.00', 199, '2022-04-13 07:02:40', '2022-05-25 13:11:08', 1),
(22, 'RAZER KRAKEN X, Over-ear Gaming Headset', 'RAZER KRAKEN X, Over-ear Gaming Headset Schwarz', 250, '49.99', '49.99', 197, '2022-04-13 07:02:59', '2022-05-25 13:36:07', 1),
(23, '1TB Samsung SSD 980 M.2 PCIe 3.0 x4 3D-NAND TLC (MZ-V8V1T0BW)', 'Schöpfen Sie das Potenzial Ihres PCs mit der Samsung SSD 980 aus. Egal, ob Sie einen Boost für Spiele oder einen nahtlosen Workflow für umfangreiche Grafiken benötigen, die 980 ist eine kluge Wahl für herausragende SSD-Leistung - und all das wird durch eine NVMe-Schnittstelle und PCIe 3.0-Technologie unterstützt. Halten Sie Ihre SSD mit dem Full-Power-Modus auf Hochtouren, der für kontinuierliche und zuverlässige Höchstleistung sorgt. Aktivieren Sie die Samsung Magician-Software, um Ihre SSD ohne Latenz im aktiven Modus zu halten, sodass Sie sofort wieder in große, intensive Arbeitsdateien oder grafikintensive Spiele zurückkehren können.', 53, '93.00', '104.00', 199, '2022-04-13 07:03:57', '2022-05-25 13:12:29', 1),
(24, 'AMD Ryzen 5 5600G 6x 3.90GHz So.AM4 BOX', 'Mit der Highspeed Gaming-Performance der AMD Ryzen™ 5000G Serie sind Sie selbst in den neuesten Games nicht mehr aufzuhalten. Auch Videobearbeitung und 3D Rendering meistern die Ryzen™ 5000G Prozessoren problemlos. Bis zu 8 Kerne, 16 Threads, Taktfrequenzen von bis zu 4,6 GHz und bis zu 16 MB Cache lassen Sie bahnbrechende Performance erleben. Die integrierte AMD Radeon™ Grafikeinheit führt Sie blitzschnell zum Sieg. Spielen Sie Top-Games in flüssigem 1080p direkt ab Werk oder holen Sie sich eine Grafikkarte für noch mehr Leistung.\r\n\r\nMit der Ryzen™ 5000G Serie gehören Hardware-Limits der Vergangenheit an. Mit neuesten Technologien wie Precision Boost 3 und Precision Boost Overdrive wird Ihnen Performance ohne gleichen geboten. Die 5000G-Serie bleibt auch unter Belastung kühl und folgt damit der Tradition der herausragenden Performance der 7nm-Architektur.\r\n\r\nMit einem einfachen BIOS-Update auf AMD 500 Mainboards sowie auf ausgewählten Boards der 400 Serie ist der AMD Ryzen™ 5000G sofort einsatzbereit. Das Konfigurieren Ihres Gaming-PCs wird damit zum Kinderspiel. Installieren Sie AMD StoreMI, um Ihre Festplatte mit der SSD zu kombinieren und Ihre Spiele noch schneller zu laden.\r\n', 51, '199.00', '230.00', 199, '2022-04-13 07:04:53', '2022-05-25 13:22:09', 1),
(25, 'HYPERX Cloud Stinger Gaming Headset', 'HYPERX Cloud Stinger Kabelloses Core Gaming Headset + 7.1 Over-ear Schwarz', 250, '74.99', '74.99', 199, '2022-04-13 07:05:03', '2022-05-25 13:23:05', 1),
(26, 'be quiet! Pure Base 500DX Midi Tower ohne Netzteil schwarz', '\r\nAirflow und Performance-optimierte Bauteile\r\n\r\nFür alle, die besonders viel Wert auf maximale Performance und wassergekühlte Systeme legen, ist das extrem luftdurchlässige Top-Cover die richtige Wahl.\r\nDie Staubschutzfilter am Frontpanel und am Boden sind zum Reinigen leicht zu entfernen.\r\n\r\nDREI VORINSTALLIERTE PURE WINGS 2\r\n\r\nFlüsterleiser Betrieb\r\nDrei vorinstallierte Pure Wings 2 Lüfter mit luftstromoptimierten Lüfterblättern versprechen einen perfekten Luftstrom und solide Kühlleistung. Trotz des kompakten Designs stellen die drei 140mm Lüfter einen geräuscharmen Betrieb sicher. Bis zu zwei weitere 140mm Lüfter können optional installiert werden.\r\n\r\nBEEINDRUCKENDE BELEUCHTUNG\r\n\r\nARGB-Licht an der Front und im Gehäuse\r\nARGB LEDs bieten mehrere Farben und Modi, um die Optik des Gehäuses sowohl von innen als auch von außen individuell abzustimmen. Die Beleuchtung kann optional mit dem Motherboard oder der ARGB-Steuerung synchronisiert werden.\r\n\r\nINTELLIGENTES I/O-PANEL\r\n\r\nHochmoderne Technologie für dein System\r\nDas Front I/O-Panel verfügt über einen modernen USB 3.1 Gen. 2 Type C Anschluss für den Einsatz modernster Hardware. Es gibt außerdem einen Schalter, um die LEDs im Innen- und Außenbereich einzustellen.\r\n\r\nAUSGEKLÜGELTES DESIGN\r\n\r\nReichlich Platz für High-End Komponenten\r\nDas Pure Base 500DX Black bietet einen großzügigen Innenraum um High-End Grafikkarten und Kühler von bis zu 190mm Höhe zu installieren. Lüfter oder Radiatoren bis zu 360mm können leicht an der Vorderseite installiert werden. Die Oberseite bietet Platz für Lüfter und Radiatoren mit einer Größe von bis zu 240mm.\r\n\r\nAUFFÄLLIGE FEATURES\r\n\r\nSowie eine durchdachte Kabelführung\r\nDas Pure Base 500DX bietet zahlreiche Möglichkeiten, um bis zu fünf SSDs zu installieren. Zwei SSDs können sichtbar im Innenraum installiert werden. Dank der durchdachten Kabelführung können ungewünschte Kabel leicht versteckt werden.\r\n\r\nFUNKTIONALES PSU-COVER\r\n\r\nHält den Innenraum übersichtlich\r\nDas PSU-Cover versteckt nicht nur das Netzteil und Kabel, sondern beinhaltet auch einen Doppel-HDD-Käfig. Durch die entkoppelte Installation werden Vibrationen reduziert und ein geräuscharmer Betrieb unterstützt. Um einen 360mm-Radiator an der Front installieren zu können, kann der Doppel-HDD-Käfig versetzt werden. Das Netzteil kann benutzerfreundlich von der Rückseite des Gehäuses installiert werden.\r\n\r\nTEMPERGLAS\r\n\r\nDie perfekte Sicht in den PC\r\nDas elegante, verglaste Seitenfenster bietet einen perfekten Einblick auf die Komponenten in Ihrem PC. Das Seitenfenster ist mit getöntem Temperglas ausgestattet und verfügt über geschwärzte Seitenrahmen.', 58, '97.00', '97.00', 198, '2022-04-13 07:06:42', '2022-05-25 13:23:05', 1),
(27, '1TB Samsung 970 Evo Plus M.2 2280 PCIe 3.0 x4 NVMe 1.3 3D-NAND TLC (MZ-V7S1T0BW)', 'Eine herausragende SSD\r\nSo wird hohe Leistung noch gesteigert. Die mit modernster V-NAND-Technologie ausgestattete 970 EVO Plus ist noch schneller als die 970 EVO und verfügt zudem über eine Firmware-Optimierung. Damit reizt sie das Potential der PCIe-Schnittstelle und des NVMe Protokolls für noch schnellere Zugriffszeiten voll aus. Bei einer Speicherkapazität von 2 TB beträgt die spezifizierte Gesamtschreibdatenmenge (TBW = Total Bytes Written) 1.200 TB TBW.\r\n\r\nLeistung auf dem nächsten Level\r\nMit bis zu 3.500 MB/s1 Lese- und bis zu 3.300 MB/s2 Schreibgeschwindigkeit ist die 970 EVO Plus bis zu 53%3 schneller als das Vorgängermodell 970 EVO. Die neueste Generation der V-NAND-Technologie sorgt für eine herausragende Leistung und verbesserte Energieeffizienz. Zusätzlich zeichnet sich die 970 EVO Plus durch optimierte Firmware, den bewährten Phoenix-Controller sowie die Intelligent TurboWrite-Technologie für die Beschleunigung von Schreibvorgängen aus.\r\n\r\nFlexibilität durch gutes Produktdesign\r\nDie 970 EVO Plus zeigt die Weiterentwicklung im Bereich der NVMe-SSDs. Neben einer hohen Performance bietet sie eine Speicherkapazität von bis zu 2 TB Speicherkapazität im kompakten M.2-Formfaktor (2280). Sie bietet damit viel Speicherplatz bei geringen Abmessungen und spart damit wertvollen Platz für andere Komponenten. Innovative Samsung-Technologien ermöglichen es Ihnen damit, den Freiraum zu haben, den sie benötigen um viel zu erreichen und noch mehr zu bewerkstelligen.\r\n\r\nUnbedingte Zuverlässigkeit\r\nHaben Sie noch mehr Vertrauen. Der bewährte Samsung Phoenix-Controller ist mit einer Schicht aus Nickel überzogen und das Laufwerksmodul der 970 EVO Plus mit einem dünnen Heat Spreader versehen, so dass die entstehende Wärme im Betrieb effektiv abgeführt wird. Darüber hinaus wacht die Dynamic Thermal Guard-Funktion ständig über das Laufwerk, so dass optimale Betriebstemperaturen eingehalten werden und die Performance konstant gehalten werden kann.\r\n\r\nSamsung Magician\r\nSo wird die Laufwerksverwaltung zum Kinderspiel. Die kostenlose Samsung Magician-Software hilft Ihnen dabei, immer ein Auge auf Ihre SSD zu haben. Die benutzerfreundliche Software-Lösung hält das Laufwerk mit Updates immer auf dem neuesten Stand, überwacht Statusparameter und optimiert für Sie die Leistungsfähigkeit.', 53, '112.00', '130.00', 196, '2022-04-13 07:10:36', '2022-05-25 13:22:09', 1),
(28, '1TB Samsung 980 Pro M.2 PCIe 4. 3D-NAND TLC (MZ-V8P1T0BW)', 'Bringen Sie Ihre PC-Leistung auf das nächste Level mit der 1000 GB Samsung 980 PRO PCIe 4.0 NVMe® M.2 SSD. Die 980 PRO bietet mit PCIe 4.0 eine doppelt so hohe Übertragungsrate wie PCIe Gen3 SSDs, bei gleichzeitiger Abwärtskompatibilität mit PCIe 3.0. Als NVMe® SSD verfügt die 980 PRO mit einer Lesegeschwindigkeit von bis zu 7.000 MB/s und einer Schreibgeschwindigkeit von bis zu 5.000 MB/s über herausragende Geschwindigkeiten.\r\n\r\nDie 980 PRO überzeugt mit hoher Performance und einer Speicherkapazität von 1000 GB im kompakten M.2-Formfaktor. Sie bietet damit viel Speicherplatz bei geringen Abmessungen und spart damit wertvollen Platz für andere Komponenten. Innovative Samsung-Technologien geben Ihnen den Freiraum, den sie benötigen um viel zu erreichen und noch mehr zu bewerkstelligen. Das macht die 980 PRO ideal für Ihr High-Performance System.\r\n\r\nDie 980 PRO ist mit einer Nickelschicht überzeugen und das Laufwerksmodul ist mit einem dünnen Heat Spreader versehen, sodass die entstehende Wärme im Betrieb effektiv abgeführt wird. Darüber hinaus wacht die Dynamic Thermal Guard-Funktion ständig über das Laufwerk, so dass optimale Betriebstemperaturen eingehalten werden und die Performance konstant gehalten werden kann.\r\n\r\nDie Samsung Magician-Software hilft Ihnen dabei, immer ein Auge auf Ihre SSD zu haben. So wird die Laufwerksverwaltung zum Kinderspiel. Die benutzerfreundliche Software-Lösung hält das Laufwerk mit Updates immer auf dem neuesten Stand, überwacht Statusparameter und optimiert für Sie die Leistungsfähigkeit.', 53, '138.00', '170.00', 197, '2022-04-13 07:11:38', '2022-05-25 13:23:05', 1),
(29, 'Arctic MX-4 2019 Waermeleitpaste 4g', 'Arctic MX-4 2019 Edition Hochleistungs-Wärmeleitpaste, Spritze mit 4 g, thermische Leitfähigkeit von 8,5 W/mK', 7, '4.00', '4.00', 199, '2022-04-13 07:15:16', '2022-05-25 13:11:08', 1),
(30, 'Intel Core i5 12400F 6x 2.50GHz So.1700 BOX', 'Intel® Directed-I/O-Virtualisierungstechnik (VT-d)\r\nDie Intel® Directed-I/O-Virtualisierungstechnik (VT-d) setzt die bestehende Unterstützung von Virtualisierungslösungen für die IA-32 (VT-x) und Systeme mit Itanium® Prozessoren (VT-i) fort und erweitert diese um neue Unterstützung für die I/O-Gerätevirtualisierung. Die Intel VT-d kann Benutzern helfen, die Sicherheit und Zuverlässigkeit von Systemen sowie die Leistung von I/O-Geräten in virtualisierten Umgebungen zu verbessern.\r\n\r\nIntel® Virtualisierungstechnik (VT-x)\r\nMit der Intel® Virtualisierungstechnik (VT-x) kann eine Hardwareplattform als mehrere \"virtuelle\" Plattformen eingesetzt werden. Sie bietet verbesserte Verwaltbarkeit durch weniger Ausfallzeiten und eine Beibehaltung der Produktivität, indem die Rechenvorgänge in separate Partitionen verschoben werden.\r\n\r\nIntel® 64\r\nIn Verbindung mit der entsprechenden Software ermöglicht die Intel® 64 Architektur die 64-Bit-Verarbeitung bei Servern, Workstations, PCs und Mobilplattformen.¹ Intel 64 verbessert die Leistung, da das System durch diese Prozessorerweiterung mehr als 4 GB virtuellen und physischen Speicher adressieren kann.\r\n\r\nCache\r\nDer CPU-Cache ist ein Bereich des schnellen Speichers, der sich im Prozessor befindet. Intel® Smart-Cache bezieht sich auf die Architektur, die ermöglicht, dass alle Kerne den Zugriff auf den Last-Level-Cache dynamisch teilen.\r\n\r\nIntel® AES New Instructions\r\nIntel® AES New Instructions (Intel® AES-NI) ist eine Zusammenstellung von Anweisungen zur schnellen und sicheren Verschlüsselung und Entschlüsselung von Daten. AES-NI sind wertvolle Komponenten für kryptografische Anwendungen, z. B. für: Anwendungen zur Massenverschlüsselung/-entschlüsselung, Authentifizierung, Generierung von zufälligen Nummern und Authentifizierungsverschlüsselung.\r\n\r\nRuhezustände\r\nRuhezustände (C-Zustände) werden genutzt, um Energie zu sparen, wenn der Prozessor sich im Leerlauf befindet. C0 ist der Betriebszustand, d. h. die CPU führt sinnvolle Aufgaben aus. C1 ist der erste Leerlaufzustand, C2 der zweite usw., wobei für höhere Nummern des C-Zustands mehr Energiesparmaßnahmen durchgeführt werden.\r\n\r\nIntel® Turbo-Boost-Technik\r\nDie Intel® Turbo-Boost-Technik erhöht dynamisch die Frequenz eines Prozessors nach Bedarf, indem die Temperatur- und Leistungsreserven ausgenutzt werden, um bei Bedarf mehr Geschwindigkeit und andernfalls mehr Energieeffizienz zu bieten.\r\n\r\nMax. Turbo-Taktfrequenz\r\nDie maximale Turbo-Taktfrequenz ist die maximale Einzelkern-Taktfrequenz, zu der der Prozessor mit der Intel® Turbo-Boost-Technik und, falls vorhanden, mit Intel® Thermal Velocity Boost betrieben werden kann. Die Frequenz wird in Gigahertz (GHz) gemessen bzw. in Milliarden Takten pro Sekunde.\r\n\r\nExecute-Disable-Bit\r\nDie Execute-Disable-Bit ist eine hardwarebasierte Sicherheitsfunktion, die das Risiko von Vireninfektionen verringert und verhindern kann, dass bösartige Software auf dem Server bzw. im Netzwerk ausgeführt wird.\r\n\r\nIntel® Hyper-Threading-Technik\r\nDie Intel® Hyper-Threading-Technik ermöglicht zwei Verarbeitungs-Threads pro physischem Kern. Anwendungen mit vielen Threads können mehr Aufgaben parallel erledigen und Tasks früher beenden.\r\n\r\nBefehlssatz\r\nEin Befehlssatz bezeichnet den Satz grundlegender Befehle und Anweisungen, die ein Mikroprozessor versteht und ausführen kann. Der angezeigte Wert gibt an, mit welchem Intel Befehlssatz dieser Prozessor kompatibel ist.\r\n\r\nIntel® VT-x mit Extended Page Tables (EPT)\r\nIntel® VT-x mit Extended Page Tables (EPT), auch bekannt als Second Level Address Translation (SLAT), beschleunigt speicherintensive Virtualisierungsanwendungen. Der Einsatz von Extended Page Tables bei Plattformen mit Intel® Virtualisierungstechnik reduziert die Gesamtkosten für Speicher und Stromversorgung und erhöht die Akkulaufzeit durch Hardwareoptimierung der Seitentabellenverwaltung.\r\n\r\nIntel® Optane™ Speicher unterstützt\r\nIntel® Optane™ Speicher ist eine revolutionäre neue Klasse von nichtflüchtigem Speicher, der zwischen dem Systemspeicher und dem Datenspeicher angesiedelt ist, um die Leistung und Reaktionsgeschwindigkeit des Systems zu beschleunigen. In Kombination mit dem Intel® Rapid-Storage-Technik-Treiber verwaltet er nahtlos mehrere Speicherstufen, bei Bereitstellung eines virtuellen Laufwerks für das Betriebssystem. Dadurch wird sichergestellt, dass sich häufig verwendete Daten auf der schnellsten Speicherstufe befinden. Intel® Optane™ Speicher erfordert eine spezifische Hardware- und Softwarekonfiguration. Die Konfigurationsvoraussetzungen finden Sie unter .\r\n\r\nErweiterte Intel SpeedStep® Technologie\r\nDie Erweiterte Intel SpeedStep® Technologie ist eine fortschrittliche Funktionalität für die auf Mobilgeräten benötigte Kombination von hoher Leistung bei einem möglichst niedrigen Energieverbrauch. Die herkömmliche Intel SpeedStep® Technologie schaltet die Spannung und die Frequenz je nach Prozessorauslastung gleichzeitig zwischen hohen und niedrigen Werten um. Die Erweiterte Intel SpeedStep® Technologie baut auf dieser Architektur auf und nutzt Designstrategien wie Trennung zwischen Spannungs- und Frequenzänderungen sowie Taktpartitionierung und Wiederherstellung.\r\n\r\nSecure Key\r\nIntel® Secure Key basiert auf einem digitalen Zufallszahlengenerator, der vollkommen zufällige Zahlen generiert und so Verschlüsselungsalgorithmen stärkt.\r\n\r\nIntel® Speed Shift Technology\r\nDie Intel® Speed Shift Technology nutzt hardware-gesteuerte P-Stati, um mit vorübergehenden Single-Thread-Workloads von kurzer Dauer (wie beim Browsen im Internet) eine bedeutend schnellere Reaktionszeit zu erzielen. Dazu wird es dem Prozessor ermöglicht, die jeweils beste Betriebsfrequenz und Spannung zu wählen, um optimale Leistung und Energieeffizienz zu erzielen.\r\n\r\nIntel® Deep Learning Boost (Intel® DL Boost)\r\nEin neuer Satz mit Embedded-Prozessor-Technologien zur Beschleunigung von KI-Deep-Learning-Anwendungsfällen. Damit wird Intel AVX-512 mit einer neuen VNNI (Vector Neural Network Instruction) erweitert, welche die Deep-Learning-Leistung im Vergleich zu früheren Generationen bedeutend verbessert.\r\n\r\nBefehlssatzerweiterungen\r\nBefehlssatzerweiterungen sind zusätzliche Anweisungen zur Erhöhung der Leistung, wenn die gleichen Vorgänge auf mehreren Datenobjekten ausgeführt werden. Diese können SSE (Streaming SIMD Extensions) und AVX (Advanced Vector Extensions) umfassen.\r\n\r\nIntel® Turbo Boost Max-Technik 3.0\r\nIntel® Turbo Boost Max-Technik 3.0 identifiziert den/die Kern(e) mit der besten Leistung und liefert an diese Kerne erhöhte Leistung, indem sie die Taktfrequenz nach Bedarf steigert und dabei Strom- und Temperaturreserven verwendet.\r\n\r\nThermal-Monitoring-Technologien\r\nThermal-Monitoring-Technologien schützen das Prozessorpaket und das System über Temperaturverwaltungsfunktionen vor temperaturbedingten Ausfällen. Ein digitaler Temperatursensor auf dem Chip erkennt die Temperatur des Kerns, und die Temperaturverwaltungsfunktionen senken bei Bedarf den Energieverbrauch des Pakets und damit die Temperatur, um die Grenzwerte für den normalen Betrieb einzuhalten.\r\n\r\nIntel® Volume Management Device (VMD)\r\nIntel® Volume Management Device (VMD) bietet eine allgemeine, robuste Hot-Plug- und LED-Management-Methode für NVME-Solid-State-Laufwerke.\r\n\r\nIntel® Gauß- und neuraler Beschleuniger\r\nDer Intel® Gauß- und neuraler Beschleuniger (GNA) ist ein bei äußerst niedrigem Stromverbrauch laufender Beschleunigerblock, der für Audio- und geschwindigkeitszentrierte KI-Workloads entwickelt wurde. Intel® GNA wurde entwickelt, um audiobasierte neurale Netzwerke bei äußerst niedrigem Stromverbrauch auszuführen und gleichzeitig der CPU diese Arbeitslast abzunehmen.\r\n\r\nMBE (Mode-based Execute Control, modusbasierte Ausführungssteuerung)\r\nModusbasierte Ausführungssteuerung kann die Integrität des Codes auf Kernel-Ebene zuverlässiger verifizieren und durchsetzen.\r\n\r\nIntel® Boot Guard\r\nDie Intel® Device Protection Technology mit Boot Guard trägt zum Schutz der Umgebung vor Viren und bösartigen Softwareangriffen vor der Aktivierung des Betriebssystem bei.\r\n\r\nIntel® Control-Flow Enforcement Technology\r\nCET - Intel Control-Flow Enforcement Technology (CET) schützt vor dem Missbrauch legitimer Code-Ausschnitte durch ROP-Angriffe (return-oriented programming) zur Übernahme der Kontrollstruktur.', 51, '176.00', '176.00', 197, '2022-04-13 07:16:18', '2022-05-25 13:25:46', 1),
(31, 'AMD Ryzen 7 5700G 8x 3.80GHz So.AM4 BOX', 'Mit der Highspeed Gaming-Performance der AMD Ryzen™ 5000G Serie sind Sie selbst in den neuesten Games nicht mehr aufzuhalten. Auch Videobearbeitung und 3D Rendering meistern die Ryzen™ 5000G Prozessoren problemlos. Bis zu 8 Kerne, 16 Threads, Taktfrequenzen von bis zu 4,6 GHz und bis zu 16 MB Cache lassen Sie bahnbrechende Performance erleben. Die integrierte AMD Radeon™ Grafikeinheit führt Sie blitzschnell zum Sieg. Spielen Sie Top-Games in flüssigem 1080p direkt ab Werk oder holen Sie sich eine Grafikkarte für noch mehr Leistung.\r\n\r\nMit der Ryzen™ 5000G Serie gehören Hardware-Limits der Vergangenheit an. Mit neuesten Technologien wie Precision Boost 3 und Precision Boost Overdrive wird Ihnen Performance ohne gleichen geboten. Die 5000G-Serie bleibt auch unter Belastung kühl und folgt damit der Tradition der herausragenden Performance der 7nm-Architektur.\r\n\r\nMit einem einfachen BIOS-Update auf AMD 500 Mainboards sowie auf ausgewählten Boards der 400 Serie ist der AMD Ryzen™ 5000G sofort einsatzbereit. Das Konfigurieren Ihres Gaming-PCs wird damit zum Kinderspiel. Installieren Sie AMD StoreMI, um Ihre Festplatte mit der SSD zu kombinieren und Ihre Spiele noch schneller zu laden.\r\n\r\n***ACHTUNG:****\r\nDie Verwendung der CPU ist nur in Verbindung der Mainboards mit AMD 500-Serie Chipsatz sowie ausgewählte Modelle mit B450- und X470-Chipsatz möglich. Bitte prüfen Sie die Kompatibilität auf der Herstellerseite.\r\n\r\n', 51, '288.00', '300.00', 199, '2022-04-13 07:17:50', '2022-05-25 13:23:05', 1),
(32, '16GB G.Skill Aegis DDR4-3200 DIMM CL16 Dual Kit', 'Benannt nach dem mächtigen Schild der griechischen Götter, symbolisiert Aegis Stärke und Macht. Diese neue Ergänzung des DDR4-Speichers zur AEGIS-Gaming-Speicherfamilie wurde für verbesserte Leistung und hohe Stabilität auf den neuesten PC-Gaming-Systemen entwickelt. Geben Sie Ihrem Gaming-Rig die Qualitätsleistungssteigerung, die es verdient, egal für welches Spiel. Ob FPS, RTS, MOBA oder MMORPG - AEGIS Gaming DDR4 Memory ist die Stärke Ihres Gaming-Arsenals!\r\n\r\nVerfügbar ab einer Standard-Startgeschwindigkeit von DDR4-2133MHz, steigern Sie die Leistung Ihres Systems, indem Sie die Anzahl der Übertragungen pro Sekunde erhöhen. Der neue DDR4-Speicher ist mit den Intel® Core™-Prozessoren der 6. Generation kompatibel, um ein reibungsloses Gaming für die neuesten Spiele zu ermöglichen.', 50, '62.00', '71.00', 199, '2022-04-13 07:18:59', '2022-05-25 13:11:08', 1),
(33, '750 Watt be quiet! Straight Power 11 Modular 80+ Gold', 'STRAIGHT POWER 11\r\n750W\r\n\r\nDas be quiet! Straight Power 11 750W setzt neue Maßstäbe für flüsterleise Systeme, ohne auch nur geringste Kompromisse bei der Stromversorgung einzugehen.\r\n\r\nNahezu unhörbarer Silent Wings 3 135mm Lüfter\r\nTrichterförmiger Lufteinlass am Netzteilgehäuse erhöht den Luftdurchsatz\r\nKabelloses Design im Netzteil auf der DC-Seite steigert Kühlung und Langlebigkeit\r\nVollmodulares Kabelmanagement für maximale Flexibilität\r\n80PLUS® Gold Effizienz von bis zu 93%\r\nVier PCI-Express-Anschlüsse für leistungsstarke Multi-GPU-Systeme\r\nJapanische 105°C Kondensatoren sichern einen stabilen, zuverlässigen Betrieb\r\nErfüllt die ErP und Energy Star 6.1 Richtlinien\r\nProduktkonzeption, Design und Qualitätskontrolle in Deutschland', 57, '112.00', '127.00', 199, '2022-04-13 07:20:35', '2022-05-25 13:12:29', 1),
(34, 'MIXIE R520 Maus Drahtlos', 'MIXIE R520 Maus 2,4 GHz Drahtlose Stummschalttaste Einstellbare 800-1600 DPI Tragbare ergonomische Mäuse für Office', 150, '10.00', '10.00', 199, '2022-04-13 07:20:48', '2022-05-25 13:12:25', 1),
(35, '2TB Samsung 970 Evo Plus M.2 2280 PCIe 3.0 x4 3D-NAND TLC (MZ-V7S2T0BW)', 'So wird hohe Leistung noch gesteigert. Die mit modernster V-NAND-Technologie ausgestattete 970 EVO Plus ist noch schneller als die 970 EVO und verfügt zudem über eine Firmware-Optimierung. Damit reizt sie das Potential der PCIe®-Schnittstelle und des NVMe™ Protokolls für noch schnellere Zugriffszeiten voll aus.\r\n\r\nMit bis zu 3.500 MB/s Lese- und bis zu 3.300 MB/s Schreibgeschwindigkeit ist die 970 EVO Plus bis zu 53% schneller als das Vorgängermodell 970 EVO. Die neueste Generation der V-NAND-Technologie sorgt für eine herausragende Leistung und verbesserte Energieeffizienz. Zusätzlich zeichnet sich die 970 EVO Plus durch den bewährten Samsung Controller sowie die Intelligent TurboWrite-Technologie für die Beschleunigung von Schreibvorgängen aus.', 53, '196.00', '196.00', 199, '2022-04-13 07:21:30', '2022-05-25 13:17:22', 1),
(36, 'Logitech G502 Hero', 'Logitech G502 Hero USB schwarz (kabelgebunden)', 151, '49.99', '49.99', 197, '2022-04-13 07:23:14', '2022-05-25 13:26:43', 1),
(37, '2TB Seagate Barracuda Compute ST2000DM008 256MB 3.5', 'Zuverlässige 3,5-Zoll-HDD von Seagate, 2 TB Kapazität, 256 MB Cache, 220 MB/s kontinuierliche Datenübertragungsrate, SATA-6G-Schnittstelle', 53, '45.00', '50.00', 199, '2022-04-13 07:23:15', '2022-05-25 13:11:08', 1),
(38, 'be quiet! Pure Rock 2 Black', 'Mit 150 W Kühlleistung deckt der Pure Rock 2 Black von be quiet!® alle Anforderungen für Multimedia- und Grafikanwendungen ab. Die 4 Heatpipes sind auf maximale Performance ausgelegt und leiten die Hitze des Prozessors in Rekordzeit an den Kühlkörper aus Aluminium. Für die nötige Luftzirkulation sorgt der PMW-Lüfter Pure Wings 2, der die Geräuschkulisse mit strömungsoptimierten Lüfterblättern auf ein Minimum reduziert.\r\n\r\nBeim Kauf des be quiet!® Pure Rock 2 Black können Sie nichts falsch machen: Dank seiner Größe ist der Kühler platzsparend und deshalb mit zahlreichen Gehäusen kompatibel. Auch Ihren RAM installieren Sie sorgenfrei, denn die asymmetrische Bauform bietet genügend Raum für die Speicherbänke. Zusätzlich zum Kühler bekommen Sie ein leicht verständliches Installationskit, mit dem die Montage auf der CPU - egal ob AMD oder Intel® - kein Problem darstellt.\r\n\r\nWenn der Pure Rock 2 Black von be quiet!® Sie nicht schon mit seinem Preis-Leistungs-Verhältnis überzeugt, dann sicherlich mit seiner Optik. Das gebürstete Aluminium mit schwarzem Finish und die hochwertigen Kappen machen den CPU-Kühler zu einem echten Hingucker. Dank schlichter Farbwahl integriert er sich problemlos in jedes System.', 52, '35.00', '41.00', 198, '2022-04-13 07:24:24', '2022-05-25 13:22:09', 1),
(39, 'be quiet! Dark Rock Pro 4 Tower Kühler', 'Der Dark Rock Pro 4 von be quiet!® steht für Kühlperformance der Superlative. Er liefert eine beeindruckende TDP von 250 W - mehr als genug für High-End-CPUs und übertaktete PC-Systeme. Die schnelle Wärmeableitung erfolgt über 7 Kupfer-Heatpipes und luftstromoptimierte Kühllamellen. Selbst unter Höchstauslastung sorgt der CPU-Kühler für niedrige Temperaturen und damit optimale Performance in allen Situationen.\r\n\r\nUm den höchsten Anforderungen gerecht zu werden, setzt be quiet!® beim Dark Rock Pro 4 auf zwei luftstromoptimierte Kühlkörper aus Aluminium mit einer speziellen Keramikpartikel-Beschichtung. Dabei sorgen Aussparungen für eine verbesserte RAM-Kompatibilität. Zum Einsatz kommen außerdem zwei Lüfter, die eine schnelle Luftzirkulation ermöglichen. Einen dritten Lüfter können Sie bei Bedarf nachrüsten. Abgerundet wird das Design von einer Abdeckung aus gebürstetem Aluminium im edlen Diamond-Cut.\r\n\r\nIn gewohnter be quiet!®-Manier setzt der Hersteller auch beim Dark Rock Pro 4 auf einen möglichst leisen Betrieb. Selbst unter Volllast erreicht der CPU-Kühler nur 24,3 db(A). Zu verdanken ist das den Silent-Wings-PWM-Lüftern mit laufruhigen Motoren und langlebigen Fluid-Dynamic-Lagern, die vibrationsisolierend montiert werden. Über die Steuerung können Sie die Lüfterkurve anpassen und so die Systemtemperaturen und die Lautstärke Ihres Systems optimieren.\r\n\r\n', 52, '74.00', '87.00', 195, '2022-04-13 07:26:11', '2022-05-25 13:25:46', 1),
(40, '500GB Samsung 970 Evo Plus M.2 2280 PCIe 3.0 x4 NVMe 1.3 3D-NAND TLC (MZ-V7S500BW)', 'Eine herausragende SSD\r\nSo wird hohe Leistung noch gesteigert. Die mit modernster V-NAND-Technologie ausgestattete 970 EVO Plus ist noch schneller als die 970 EVO und verfügt zudem über eine Firmware-Optimierung. Damit reizt sie das Potential der PCIe-Schnittstelle und des NVMe Protokolls für noch schnellere Zugriffszeiten voll aus. Bei einer Speicherkapazität von 2 TB beträgt die spezifizierte Gesamtschreibdatenmenge (TBW = Total Bytes Written) 1.200 TB TBW.\r\n\r\nLeistung auf dem nächsten Level\r\nMit bis zu 3.500 MB/s1 Lese- und bis zu 3.300 MB/s2 Schreibgeschwindigkeit ist die 970 EVO Plus bis zu 53%3 schneller als das Vorgängermodell 970 EVO. Die neueste Generation der V-NAND-Technologie sorgt für eine herausragende Leistung und verbesserte Energieeffizienz. Zusätzlich zeichnet sich die 970 EVO Plus durch optimierte Firmware, den bewährten Phoenix-Controller sowie die Intelligent TurboWrite-Technologie für die Beschleunigung von Schreibvorgängen aus.\r\n\r\nFlexibilität durch gutes Produktdesign\r\nDie 970 EVO Plus zeigt die Weiterentwicklung im Bereich der NVMe-SSDs. Neben einer hohen Performance bietet sie eine Speicherkapazität von bis zu 2 TB Speicherkapazität im kompakten M.2-Formfaktor (2280). Sie bietet damit viel Speicherplatz bei geringen Abmessungen und spart damit wertvollen Platz für andere Komponenten. Innovative Samsung-Technologien ermöglichen es Ihnen damit, den Freiraum zu haben, den sie benötigen um viel zu erreichen und noch mehr zu bewerkstelligen.\r\n\r\nUnbedingte Zuverlässigkeit\r\nHaben Sie noch mehr Vertrauen. Der bewährte Samsung Phoenix-Controller ist mit einer Schicht aus Nickel überzogen und das Laufwerksmodul der 970 EVO Plus mit einem dünnen Heat Spreader versehen, so dass die entstehende Wärme im Betrieb effektiv abgeführt wird. Darüber hinaus wacht die Dynamic Thermal Guard-Funktion ständig über das Laufwerk, so dass optimale Betriebstemperaturen eingehalten werden und die Performance konstant gehalten werden kann.\r\n\r\nSamsung Magician\r\nSo wird die Laufwerksverwaltung zum Kinderspiel. Die kostenlose Samsung Magician-Software hilft Ihnen dabei, immer ein Auge auf Ihre SSD zu haben. Die benutzerfreundliche Software-Lösung hält das Laufwerk mit Updates immer auf dem neuesten Stand, überwacht Statusparameter und optimiert für Sie die Leistungsfähigkeit.', 53, '66.00', '66.00', 199, '2022-04-13 07:27:32', '2022-05-25 13:17:22', 1),
(41, '18TB Toshiba Enterprise Capacity MG09ACA 512e SATA 6Gb/s', 'Toshiba MG09. HDD Größe: 3.5 Zoll, HDD Kapazität: 18000 GB, HDD Geschwindigkeit: 7200 RPM', 53, '283.00', '283.00', 198, '2022-04-13 07:28:42', '2022-05-25 13:23:05', 1),
(42, '4TB WD Red Plus WD40EFZX 128MB 3.5\" (8.9cm) SATA 6Gb/', 'Schnelle 3,5 Zoll Festplatte mit 4 TB, mit NAS-Technologie und 128 MB Cache, NASware 3.0 und 3D Active Balance Plus-Technologie, heliumgefüllt für maximale Kapazität & Effizienz im Dauerbetrieb, optimiert für NAS- und RAID-Systeme', 53, '89.00', '96.00', 89, '2022-04-13 07:29:58', '2022-05-25 13:25:46', 1),
(43, 'NZXT H710 Midi Tower ohne Netzteil schwarz/rot', 'NEUE FUNKTIONEN: Front-I / O-USB-Typ-C-Anschluss und Seitenwand aus gehärtetem Glas mit Einzelschraubenmontage\r\nMODERNER: Mit einem USB 3.1 Gen 2-kompatiblen USB-C-Anschluss an der Vorderseite ist es einfacher denn je, die neuesten Smartphones, externen Hochgeschwindigkeitsspeicher oder die neuesten Peripheriegeräte an Ihren PC anzuschließen\r\nNOCH SCHÖN: Das klare, moderne Design, die kultige Kabelführungsleiste und die durchgehende Seitenverkleidung aus gehärtetem Glas unterstreichen Ihre beeindruckende Bauweise.\r\nVERBESSERTE KABELVERWALTUNG: Unser patentiertes Kabelverlegungskit mit vorinstallierten Kanälen und Bändern macht die Verkabelung einfach und intuitiv und einfach\r\nSTREAMLINED-KÜHLUNG: Zwei F120-mm-Aer-Lüfter * sorgen für eine optimale Luftzirkulation. Die Frontplatte und die Netzteileinlässe enthalten abnehmbare Filter und eine abnehmbare Halterung für Heizkörper mit bis zu 240 mm Durchmesser', 58, '140.00', '140.00', 199, '2022-04-13 07:34:37', '2022-05-25 13:17:22', 1),
(44, '12 HE Serverschrank', '12 HE Serverschrank, Wandgehäuse, mit Glastür (BxTxH) 600 x 450 x 634mm', 60, '215.00', '215.00', 199, '2022-04-25 08:19:15', '2022-05-25 13:13:42', 1),
(45, 'ASUS PRIME X299-A II ATX Mainboard ', 'ASUS PRIME X299-A II ATX Mainboard Sockel 2066 USB3.1(Typ C-Gen2)/M.2', 56, '350.00', '350.00', 198, '2022-04-25 09:15:26', '2022-05-25 13:25:46', 1),
(46, 'LOGITECH K120 Tastatur', 'LOGITECH K120 Business, Tastatur, kabelgebunden, Schwarz', 153, '12.00', '12.00', 199, '2022-04-25 09:18:32', '2022-05-25 13:25:46', 1),
(47, 'Microsoft Windows 10 Pro 64 Bit Deutsch DSP/SB', 'Seit dem 03.07.2015 im Sortiment\r\n\r\nMicrosoft Windows 10 Pro (64 Bit) in der deutschen DSP/SB-Version auf einer guten alten DVD als Installationsmedium\r\n\r\nTechnische Details:\r\n\r\nVersion: Microsoft Windows 10 Pro 64 Bit, DSP/SB - DVD (deutsch)\r\nSystemvoraussetzungen\r\nProzessor: 1 GHz oder schneller\r\nRAM: 2 GB\r\nFestplattenspeicher: 20 GB\r\nGrafikkarte: Microsoft DirectX 9-Grafikkarte mit WDDM-2.0-Treiber', 8, '128.00', '300.00', 195, '2022-04-25 09:50:12', '2022-05-25 13:23:05', 1),
(48, 'Iceberg Thermal IceSleet G4 OC Black - AM4/Intel (ICESLEETG4OC-BBT-00A', 'Der Iceberg Thermal IceSleet G4 OC wurde für den Mainstream-Gamer entwickelt, der nach der perfekten Mischung aus Qualität, Handwerkskunst und Leistung strebt.\r\n\r\nDie innovative Fan-Slide-Lock Technologie wurde entwickelt, damit Sie sich nicht mehr mit Clips herumschlagen müssen, um Ihren Lüfter am Kühlkörper zu befestigen. Schieben Sie einfach Ihren Lüfter nach unten und Sie können loslegen! Es ist nicht nur einfach, es verbessert auch die RAM-Freigabe.\r\n\r\nDie Ventilatoren sind für die Ewigkeit gebaut. Die Lüfter der Kühler haben TRUE Fluid Dynamic Bearing und sind auf zwei Ebenen ausbalanciert, sodass die Lebensdauer Ihrer Lüfter erheblich verlängert wird. Selbst bei einem Luftstrom von 58,5 CFM hat unser Lüfter mit 600-1400 U/min einen maximalen Geräuschpegel von 22,5 dBA.\r\n\r\nDie Kühler verfügen über 4 symmetrisch abgestimmte und vollständig vernickelte Kühler für ein elegantes Finish dieses sorgfältig gestalteten CPU-Kühlers. Mit einem TDP-Bereich von 140 W bis 180 W ist der G4 OverClock flexibel für Ihre zukünftigen PC-Upgrades.\r\n\r\nMit der ARGB-Funktion können Sie die Farben anpassen, die Sie auf Ihrem CPU-Kühler haben möchten. Der Kühler ist ausgestattet mit 16 ARGB-LEDs, um einen nahtlosen Lichteffekt zu ermöglichen.\r\n\r\n\r\nIceberg Thermal IceSLEET G4 OC. Typ: Kühler, Lüfterdurchmesser: 12 cm, Rotationsgeschwindigkeit (min.): 600 RPM, Rotationsgeschwindigkeit (max.): 1400 RPM, Geräuschpegel (hohe Geschwindigkeit): 22,5 dB, Maximaler Luftstrom: 58,5 cfm, Maximum Luftdruck: 1,5 mmH2O, Lagertyp: Fluid Dynamic Bearing (FDB). Spannung: 5 - 12 V. Breite: 139 mm, Tiefe: 81 mm, Höhe: 156 mm. Produktfarbe: Schwarz', 52, '54.00', '54.00', 199, '2022-04-25 09:54:24', '2022-05-25 13:17:22', 1),
(49, '12GB KFA2 GeForce RTX 3080 Ti SG (1-Click OC) Aktiv PCIe 4.0 x16', 'Die GeForce RTX™ 3080 Ti-GPUs werden von der NVIDIA® Ampere-Architektur angetrieben und bieten einen unglaublichen Sprung in Leistung und Wiedergabetreue mit gefeierten Funktionen wie Raytracing, NVIDIA® DLSS leistungssteigernder KI, NVIDIA® Reflex-Latenzreduzierung, NVIDIA® Broadcast-Streaming-Funktionen und zusätzlichem Speicher. Dies ermöglicht es, auch die beliebtesten Creator-Anwendungen optimal auszuführen.\r\n\r\nDer neue Lüfter-Stopp-Mechanismus überwacht sowohl die GPU- als auch die Speichertemperatur und schaltet die Lüfter intelligent ein und aus, um die perfekte Balance zwischen Geräusch und Leistung zu erzielen. Die Lüfter verfügen über elf innovative Flügellüfterblätter, die nicht nur durch ihr gutes Aussehen überzeugen, sondern auch einen hohen Luftdurchsatz und Luftdruck bei minimalem Geräuschpegel ermöglichen.\r\n\r\nPersonalisieren Sie Ihre RGB-Beleuchtung mit Xtreme Tuner oder synchronisieren Sie die Beleuchtung mit dem Rest Ihrer Komponenten.\r\n\r\n', 54, '1300.00', '1400.00', 197, '2022-04-25 09:56:37', '2022-05-25 13:18:46', 1),
(50, 'Corsair LL Series LL120 RGB 120x120x25mm 2200 U/min 35.9 dB(A) schwarz/weiß', '120-mm-PWM-Lüfter von Corsair, adressierbare Beleuchtung mit 16 RGB-LEDs, 360 - 2.200 U/min, 36 dB(A), max. 107,3 m³/h & 3,00 mmH2O, Hinweis: benötigt LUCS-085', 59, '37.81', '37.81', 193, '2022-04-25 10:05:41', '2022-05-25 13:12:29', 1),
(51, 'Corsair SP Series, SP120 RGB ELITE, 120mm RGB LED Fan with AirGuide, Single Pack, weiss', '120 x 120 x 25 / Hydraulic / 18-26.5 dBA / 4-pin', 59, '16.34', '16.34', 197, '2022-04-25 11:18:46', '2022-05-25 13:26:22', 1),
(52, 'Corsair iCUE QL140 (CO-9050105-WW) RGB LED PWM Single Fan weiss', 'Corsair iCUE QL140. Typ: Ventilator, Lüfterdurchmesser: 14 cm, Rotationsgeschwindigkeit (min.): 550 RPM, Rotationsgeschwindigkeit (max.): 1250 RPM, Geräuschpegel (hohe Geschwindigkeit): 26 dB, Maximaler Luftstrom: 50,2 cfm, Maximum Luftdruck: 1,4 mmH2O, Lagertyp: Hydraulisch. Spannung: 6 - 13.2 V. Produktfarbe: Weiß', 59, '35.50', '35.50', 198, '2022-04-25 11:21:50', '2022-05-25 13:12:29', 1),
(53, 'Corsair LL120 RGB 120x120x25mm 1500 U/min 24.8 dB(A) schwarz', 'Der CORSAIR LL120 RGB-Lüfter ist maßgeschneidert für Benutzer, die einen hervorragenden Luftstrom, einen leisen Betrieb und eine leistungsstarke Beleuchtung suchen, und macht deinen PC wieder flott.', 59, '26.77', '26.77', 195, '2022-04-25 11:28:19', '2022-05-25 13:23:05', 1),
(54, 'Corsair ML Series 120 Pro RGB LED Premium Magnetic Levitation Fan 120x120x25mm 400-1600 U/min 25 dB(A) schwarz', 'Der CORSAIR ML120 PRO RGB-PWM-Lüfter vereint einzigartige Performance und geräuscharmen Betrieb mit einer lebendigen RGB-Beleuchtung, die in der CORSAIR LINK-Software gesteuert wird.', 59, '31.35', '31.35', 194, '2022-04-25 11:31:09', '2022-05-25 13:22:10', 1),
(55, 'Corsair iCUE QL140 RGB PWM, 140mm (CO-9050099-WW)', 'Corsair CO-9050099-WW. Typ: Ventilator, Lüfterdurchmesser: 14 cm, Rotationsgeschwindigkeit (max.): 1250 RPM, Geräuschpegel (hohe Geschwindigkeit): 26 dB, Maximaler Luftstrom: 41,8 cfm, Maximum Luftdruck: 1,4 mmH2O, Lagertyp: Hydraulisch. Spannung: 6 - 13.2 V. Produktfarbe: Schwarz, Grau', 59, '39.85', '39.85', 169, '2022-04-25 11:33:24', '2022-05-25 13:25:46', 1),
(56, 'Roccat Sense AIMO Gaming Mauspad', 'Roccat Sense AIMO Gaming Mauspad - AIMO LED Beleuchtung, Höchstmaß an Präzision, gummierte Unterseite, (350 mm x 250 mm x 3,5 mm), schwarz', 152, '39.99', '39.99', 198, '2022-04-26 06:06:03', '2022-05-25 13:25:21', 1),
(57, 'ROCCAT Gaming-Tastatur', 'ROCCAT Vulcan TKL Pro Gaming-Tastatur', 154, '149.95', '149.95', 198, '2022-04-26 06:10:35', '2022-05-25 13:38:50', 1),
(58, 'Logitech G Saitek Farm Sim Controller', 'Logitech G Saitek Farm Sim Controller, Farming Simulator Bundle bestehend aus Lenkrad, Steuerkonsole, Gas- und Bremspedal, 900° Lenkbereich, 38+ Tasten, USB-Anschluss, PC/Mac - Schwarz', 156, '160.00', '160.00', 199, '2022-04-26 06:13:57', '2022-05-25 13:11:08', 1),
(59, 'Superdrive - Rennlenkrad SV750', 'Superdrive - Rennlenkrad SV750 Drive Pro Sport Lenkrâd mit Pedal, Shift und Vibration - Xbox Serie X/S, PS4, Xbox One, Switch, PC', 156, '130.00', '130.00', 199, '2022-04-26 06:18:20', '2022-05-25 13:38:06', 1),
(60, 'JBL TUNE 760NC - Over-Ear Kopfhörer', 'JBL TUNE 760NC - Over-Ear Bluetooth-Kopfhörer, Noise Cancelling, schwarz', 251, '129.99', '129.99', 197, '2022-04-26 06:22:34', '2022-05-25 13:35:23', 1),
(61, 'Sony WH-CH710N kabellose Bluetooth-Kopfhörer', 'Sony WH-CH710N kabellose Bluetooth Noise Cancelling Kopfhörer (bis zu 35 Stunden Akkulaufzeit, Around-Ear-Style, Freisprecheinrichtung, Headset mit Mikrofon, wireless) Schwarz', 251, '120.00', '120.00', 199, '2022-04-26 06:26:31', '2022-05-25 13:17:22', 1),
(62, 'Hama Monitorhalterung für 2 Monitore 13 – 35 Zoll', 'Hama Monitorhalterung für 2 Monitore 13 – 35 Zoll (Monitorhalter höhenverstellbar bis 40 cm, schwenkbar 180°, neigbar +/- 35°, ausziehbar, Bildschirmhalterung 15 kg Traglast, VESA 75 x75, 100 x 100)', 105, '94.99', '94.99', 199, '2022-04-26 06:38:45', '2022-05-25 13:22:10', 1),
(63, '650 Watt NZXT C Series C650 Modular 80+ Gold', 'NZXT C Series Modulare Netzteile\r\nDas neue Netzteil der C-Serie von NZXT bietet eine betriebssichere und zuverlässige Spannungsversorgung bei optimaler Effizienz und geräuscharmer Leistung. Das Netzteil der C-Serie besteht aus hochwertigen Komponenten und wird mit einer 10-jährigen Garantie ausgeliefert. Es bietet sowohl Sorgenfreiheit als auch saubere, zuverlässige Betriebsspannung für Ihr PC-Gaming-System.', 57, '83.00', '83.00', 198, '2022-04-27 10:16:01', '2022-05-25 13:22:09', 1),
(64, 'Hitachi-LG GH24 Interner 24 x Super Multi-DVD-Brenner', 'Hitachi-LG GH24 Interner 24 x Super Multi-DVD-Brenner, DVD Laufwerk mit M-DISC Unterstützung, Silent Play, Jamless Play, Windows 10 kompatibel, Software inklusive', 55, '21.07', '21.07', 199, '2022-05-21 17:51:24', '2022-05-25 13:11:08', 1);
INSERT INTO `products` (`id`, `name`, `desc`, `product_type_id`, `price`, `rrp`, `quantity`, `created_at`, `updated_at`, `visible`) VALUES
(65, 'MSI Optix 27\"', '27\" (68,58cm) MSI Optix MAG274QRFDE-QD schwarz 2560x1440 1x DisplayPort 1.2 / 1xUSB-C / 2x HDMI 2.0b', 101, '478.97', '478.97', 198, '2022-05-21 18:08:02', '2022-05-25 13:23:05', 1),
(66, 'Corsair Vengeance RGB PRO DDR4 Light Enhancement KIT', 'Corsair Vengeance RGB PRO DDR4 Light Enhancement KIT (ohne verbauten Arbeitsspeicher) Enthusiast RGB LED-Beleuchtung - schwarz', 50, '34.79', '34.79', 194, '2022-05-24 22:17:58', '2022-05-25 13:18:46', 1),
(67, '4GB ASRock Radeon RX 6500XT Phantom Gaming D OC (Retail)', 'Die 4 GB ASRock Radeon™ RX 6500 XT Phantom Gaming D OC verfügt über zwei Lüfter, die eine starke Kühlleistung bieten und dafür sorgen, dass Ihr Gaming-Rig kühl bleibt. Es ist optimiert, um ein hervorragendes Spielerlebnis mit stilvollem und stromlinienförmigem Design zu bieten.', 54, '199.00', '199.00', 199, '2022-05-24 22:19:58', '2022-05-25 13:17:22', 1),
(68, '6GB MSI GeForce RTX 2060 VENTUS GP OC GDDR6 3xDP HDMI 2.0b (Retail)', 'Als frisches neues Design mit zwei Lüftern präsentiert MSI mit der VENTUS-Serie stolz industrielle Formen in neutralen Farben, die zu jedem Build passen.', 54, '338.00', '338.00', 192, '2022-05-24 22:20:52', '2022-05-25 13:47:26', 1),
(69, 'ASUS DRW-24D5MT intern DVD-Brenner', 'Sie kennen das: Man möchte unbedingt noch etwas aus dem Internet herunterladen, doch es fehlt an Festplattenkapazität. Mit einem DVD-Brenner wie dem DRW-24D5MT von ASUS können Sie Ihre Festplatte ordentlich aufräumen und Ihre Daten auf einer DVD archivieren.', 55, '17.99', '17.99', 199, '2022-05-24 22:24:58', '2022-05-25 13:12:29', 1),
(70, 'Externes CD/DVD Laufwerk USB 3.0', 'Externes CD/DVD Laufwerk USB 3.0, BEVA Tragbar CD RW Brenner CD Laufwerk Plug and Play für alle Laptops Desktops unter Windows 7/8/10 und Mac OS für MacBook, MacBook Pro, MacbookAir, iMac', 55, '20.99', '20.99', 199, '2022-05-24 22:26:09', '2022-05-25 13:12:29', 1),
(71, 'MSI MPG X570 GAMING PRO CARBON WIFI AMD X570 So.AM4 Dual Channel DDR4 ATX Retail', 'Kompatibel mit AMD Ryzen 9, Ryzen 7 und Ryzen 5 AM4 Prozessoren der 3. Generation\r\nPCIe und M.2 Lightning Gen4 für schnelle Datenübertragungen\r\nWLAN 6 (802.11ax) Technik mit MU-MIMO für problemfreies Online-Gaming\r\nFrozr-Kühlkörper mit patentiertem Lüfter und Doppelkugellager für optimale Kühlleistung\r\nDie vorinstallierte I/O-Blende bietet mehr Schutz vor elektromagnetischer Interferenzen und mehr Komfort beim Einbau des Motherboards.', 56, '220.48', '220.48', 195, '2022-05-24 22:27:41', '2022-05-25 13:23:05', 1),
(72, 'ASUS ROG MAXIMUS Z690 EXTREME E-ATX Mainboard Sockel 1700', 'Das ROG Maximus Z690 Extreme ist das ultimative Enthusiasten-Mainboard für alle, die sowohl bei der Luft- als auch bei der Flüssigkeitskühlung für Intel® Core™ CPUs der 12. die maximale Leistung erwarten. Diese Plattform ist vollgepackt mit den unzähligen Funktionen, darunter hochbelastbare 24+1 Leistungsstufen, ASUS Enhanced Memory Profiles für erstklassige DDR5-Geschwindigkeiten, mehrere PCIe 5.0-Steckplätze und das exklusive AniMe Matrix™ LED-Display.', 56, '1154.81', '1154.81', 199, '2022-05-24 22:28:36', '2022-05-25 13:18:46', 1),
(73, '850 Watt be quiet! Straight Power 11 Modular 80+ Gold', 'Das be quiet! Straight Power 11 850W setzt neue Maßstäbe für flüsterleise Systeme, ohne auch nur geringste Kompromisse bei der Stromversorgung einzugehen.', 57, '128.00', '128.00', 192, '2022-05-24 22:29:58', '2022-05-25 13:25:46', 1),
(74, 'Lian Li PC-O11 Dynamic mit Sichtfenster Midi Tower ohne Netzteil schwarz', 'Kompakter Dual-Chamber Midi-Tower, designed by Lian Li & der8auer, Seitenteil und Front aus Tempered Glass, 3x 360-mm-Radiatoren gleichzeitig möglich, bis zu 9x 120-mm-Lüfter, 1x USB Typ C und 2x USB 3.0 im Frontpanel', 58, '143.96', '143.96', 198, '2022-05-24 22:31:21', '2022-05-25 13:22:10', 1),
(75, '32 HE 19” Serverschrank, mit Glastür (BxTxH) 600 x 600 x 1600mm', '1 x Fronttür mit 4mm-Sicherheitsglas, abschließbarer Türgriff mit Zylinderschloß\r\n1 x Rücktür aus Stahlblech, abschließbar\r\nTüranschlag rechts/links wechselbar\r\nTüröffnungswinkel mindestens 120°\r\n2 x Seitenwände, herausnehmbar und abschließbar\r\n4 x 19\"-Montageschienen, in der Tiefe verstellbar!\r\nDach mit Passivlüftung und vorbereiteter Halterung für aktive Lüfter + Kabeleinführung\r\nBoden mit Kabeleinführung, inklusive Abdeckplatten\r\nDer Serverschrank wird vollständig vormontiert geliefert', 60, '510.00', '510.00', 199, '2022-05-24 23:09:15', '2022-05-25 13:24:15', 1),
(76, 'Netzwerkschrank Wandgehäuse 19 Zoll 15HE ', 'BESCHREIBUNG FÜR NETZWERKSCHRANK WANDGEHÄUSE 19 ZOLL 15HE UNMONTIERT FLAT PACK TIEFE 450MM GRAU', 60, '162.02', '162.02', 199, '2022-05-24 23:59:45', '2022-05-25 13:25:46', 1),
(77, 'Samsung Full HD Monitor F24T352FHR, 24 Zoll', 'Samsung Full HD Monitor F24T352FHR, 24 Zoll, IPS-Panel, Full HD-Auflösung, AMD FreeSync, Reaktionszeit 5 ms, 75 Hz Bildwiederholrate, Dark Blue', 100, '119.00', '199.00', 197, '2022-05-25 00:31:46', '2022-05-25 13:17:22', 1),
(78, 'SAMSUNG LC24F390FHRXEN 23,5 Zoll Full-HD Monitor ', 'SAMSUNG LC24F390FHRXEN 23,5 Zoll Full-HD Monitor (4 ms Reaktionszeit, 60 Hz)', 100, '124.99', '124.99', 198, '2022-05-25 00:34:40', '2022-05-25 13:25:21', 1),
(79, 'SAMSUNG C27F390FHR 27 Zoll Full-HD Monitor', 'SAMSUNG C27F390FHR 27 Zoll Full-HD Monitor (4 ms Reaktionszeit, 60 Hz)', 101, '151.99', '151.99', 199, '2022-05-25 00:38:17', '2022-05-25 13:23:05', 1),
(80, 'SAMSUNG LS32A706NWUXEN 32 Zoll UHD 4K Monitor', 'SAMSUNG LS32A706NWUXEN 32 Zoll UHD 4K Monitor (5 ms Reaktionszeit, 60 Hz)', 102, '364.99', '364.99', 198, '2022-05-25 00:39:25', '2022-05-25 13:26:22', 1),
(81, 'AOC C32G2ZE/BK Gaming Monitor - 80 cm (31,5\") Curved, 240 Hz ', 'AOC C32G2ZE/BK Gaming Monitor - 80 cm (31,5\") Curved, 240 Hz\r\nBildschirmauflösung	1920 x 1080 (Full HD)\r\nReaktionszeit	0,50 ms', 102, '282.86', '282.86', 199, '2022-05-25 01:01:19', '2022-05-25 13:11:08', 1),
(82, 'HUAWEI MateView GT 34 Standard, 34 Zoll Curved', 'HUAWEI MateView GT 34 Standard, 34 Zoll Curved Gaming Monitor, 165Hz, 4ms (WQHD 3440 x 1440, 21:9,1500R), Eye Comfort', 103, '449.00', '449.00', 199, '2022-05-25 01:45:21', '2022-05-25 13:11:08', 1),
(83, 'LG 34 Zoll Gaming Monitor 34GL750-B', 'LG 34 Zoll Gaming Monitor 34GL750-B 144Hz IPS Display FreeSync Widescreen B-Ware', 103, '319.00', '319.00', 198, '2022-05-25 02:03:35', '2022-05-25 13:36:17', 1),
(84, 'Microsoft Office 2021 Professional Plus', 'Microsoft Office 2021 Professional Plus for 1 PC\r\nVersion für 64 Bit-Systeme\r\nVersand per E-Mail: Produktschlüssel, Anleitung, Downloadlinks, Rechnung\r\nSofort-Download!', 8, '26.99', '26.99', 197, '2022-05-25 02:06:01', '2022-05-25 13:23:05', 1),
(85, 'Windows Server 2016 Standard', 'Mit der Verfügbarkeit der Software Windows Server 2016 bremst Microsoft den Weg in Richtung Cloud Anwendungen und Virtualisierung. Die Entwicklung erfolgte parallel mit Windows 10. Neben zahlreichen Verbesserungen und neuen Funktionen änderte der Hersteller jedoch sein Lizenzmodell. Geblieben sind die in allen zurückliegenden Serverversionen viel zu niedrigen Mindestanforderungen. Microsoft wendet sich mit dieser Serversoftware an Unternehmen, Dienstleister und Freiberufler, die im Idealfall das Desktop Betriebssystem Windows 10 im Einsatz haben. Kaufversionen der Software stehen online als Download in vollem Umfang sofort zur Verfügung.', 8, '109.95', '109.95', 198, '2022-05-25 02:10:49', '2022-05-25 13:25:46', 1),
(86, 'be quiet! Thermal Grease Waermeleitpaste 3g', 'Für den bestmöglichen Schutz wertvoller Hochleistungsprozessoren und Grafikkarten ist die perfekte Kühlung der Komponenten eine der wichtigsten Voraussetzungen. Und was wäre neben der Entscheidung für einen erstklassigen CPU-Kühler, wie beispielsweise dem Dark Rock 2, die perfekte Ergänzung? DC1 natürlich - be quiet!\'s neue high-performance Wärmeleitpaste für besonders anspruchsvolle Anwendungen im Kühlungsbereich.\r\n\r\n', 7, '4.73', '4.73', 198, '2022-05-25 02:59:18', '2022-05-25 13:23:05', 1),
(87, 'Arctic Silver 5 High-Density Polysynthetic Silver Thermal Compound Wärmeleitpaste', 'Arctic Silver 5 wurde nochmals verbessert und ist die ultimative Wärmeleitpaste für High End Anwendungen. Die reduzierte Partikelgröße der Silber-Wärmeleitkomponente und die verbesserte Zusammensetzung des polysynthetischen Trägermediums sorgen für eine noch bessere Verteilung der Paste und somit für eine noch bessere Wärmeübertragung. Arctic Silver 5 ist für alle Anwendungen geeignet.', 7, '22.49', '22.49', 199, '2022-05-25 03:00:49', '2022-05-25 13:25:46', 1),
(88, 'IcyBox RaidSonic Gaming Monitorständer 32\"', 'IcyBox RaidSonic Gaming Monitorständer 32\" USB3.0 Media-Hub RGB Light 2 Monitore', 105, '132.23', '132.23', 196, '2022-05-25 03:02:20', '2022-05-25 13:36:17', 1),
(89, 'Raidsonic ICY BOX IB-MS314-T', 'Monitorständer mit Tischhalterung für zwei Monitore bis zu 32\" (81 cm), federunterstützter Mechanismus', 105, '92.95', '92.95', 196, '2022-05-25 03:03:44', '2022-05-25 13:36:17', 1),
(90, '49\" (124,46cm) Samsung C49HG90DMR schwarz 3840 x 1080 ', '49 Zoll großer Gaming-Monitor mit RGB-Beleuchtung, 3.840 x 1.080 @ 144 Hz, VA-Panel mit 4 ms Reaktionszeit (GtG), DisplayHDR 600, 1.800 mm Krümmungsradius, 1x HDMI / 1x DisplayPort / 1x Mini-Display-Port / USB-Hub, Energieeffizienzklasse: G', 104, '727.97', '727.97', 198, '2022-05-25 03:05:50', '2022-05-25 13:12:29', 1),
(91, 'ASUS XG49VQ 49 Zoll Gaming Monitor (4 ms Reaktionszeit, 144Hz)', 'Sie sind auf der Suche nach einem Monitor, der mit hervorragender Qualität, smarten Funktionen und einem schicken Design überzeugt? Dann liegen Sie mit dem XG49VQ von ASUS genau richtig! Seine geschmackvolle schwarze Farbe verleiht ihm einen Hauch Eleganz und lenkt die Blicke gekonnt auf das schicke Produkt.', 104, '859.99', '859.99', 199, '2022-05-25 03:14:16', '2022-05-25 13:12:29', 1),
(92, 'Logitech MX Master 2S Kabellose Maus Graphit', 'Die Logitech MX MASTER 2S ist die ultimative Präzisionsmaus für Poweruser. Nutzen Sie die Möglichkeiten von Logitech FLOW und verschieben Sie reibungslos Inhalte zwischen drei Computern. Das Scrollrad mit Geschwindigkeitsanpassung erlaubt ein schnelleres und einfacheres Scrollen durch Dokumente oder Webseiten. Arbeiten Sie dank der kompakten handgerechten Form und des ausdauernden Akkus stundenlang komfortabel.', 150, '64.90', '64.90', 198, '2022-05-25 03:15:33', '2022-05-25 13:25:46', 1),
(93, 'Logitech Optical Mouse B100', 'Geräteschnittstelle: USB\r\nÜbertragungstechnik: verkabelt\r\nEnergiequelle: Kabel\r\nBewegungerfassungs Technologie: Optisch\r\nZweck: Büro\r\nProduktfarbe: Schwarz\r\nFormfaktor: Ambidextrös\r\nOberflächen-Coloration: Monoton\r\nKabellänge: 1,8m\r\nKompatible Betriebssysteme: Microsoft Windows XP, Windows Vista, Windows 7, Linux 2.4 +, Mac OS X 10.3.9 +\r\nAnzahl der enthaltenen Produkte: 1 Stück', 150, '8.90', '8.90', 198, '2022-05-25 03:16:34', '2022-05-25 13:25:21', 1),
(94, 'RAZER DeathAdder Essential Gaming Maus, Schwarz', 'Optischer Sensor mit echten 6.400 DPI\r\nDie Razer DeathAdder Essential verfügt über einen bewährten optischen Sensor mit echten 6.400 DPI für schnelle und präzise Mausbewegungen. So bleibt selbst in der Hitze des Gefechts alles unter Kontrolle.\r\n\r\nErgonomische Form\r\nOptimale Performance selbst bei den längsten Gaming-Marathons. Dank ihrer ergonomischen Form liegt die Maus stets bequem in der Hand, damit auch bei langen Gaming-Sessions in der Hitze des Gefechts noch alles unter Kontrolle bleibt.\r\n\r\nExtra robust\r\nDie Razer DeathAdder Essential ist extra robust, um gerade bei intensiven Gaming-Sessions eine optimale Performance zu ermöglichen. Ihre 5 Hyperesponse-Tasten wurden im Labor auf bis zu 10 Millionen Klicks getestet, damit diese Maus auch garantiert bis zum Ende durchhält.', 151, '24.99', '24.99', 199, '2022-05-25 03:27:02', '2022-05-25 13:17:22', 1),
(95, 'RAZER Basilisk X Hyperspeed Gaming Maus, Schwarz', 'Spiele kabellos mit einer ebenso schnellen wie zuverlässigen Verbindung — mit Razer™ HyperSpeed Dual-Modus-Konnektivität: kabellos und per Bluetooth. Der Optische Razer™ Focus+ Sensor bietet dir 16.000 DPI für präzise Mausbewegungen und die Mechanischen Maus-Switches von Razer™ halten bis zu 50 Millionen Klicks durch.', 151, '49.99', '49.99', 198, '2022-05-25 03:28:07', '2022-05-25 13:38:50', 1),
(96, 'Logitech G733 LIGHTSPEED Kabelloses Gaming Headset schwarz', 'Kabellose LIGHTSPEED-Technologie – Absolute Freiheit mit einer Reichweite von bis zu 20 m und kabelloser LIGHTSPEED-Audioübertragung. Spiele mit bis zu 29 Stunden Akkulaufzeit. * Spiele auf PlayStation® 4 in Stereo. ', 250, '126.90', '126.90', 198, '2022-05-25 03:55:30', '2022-05-25 13:15:09', 1),
(97, 'Shure Beta 58 A Mikrofon', 'Das Beta 58A ist ein dynamisches Gesangsmikrofon mit hoher Ausgangsleistung, das für professionelle Audioverstärkung und den Einsatz im Tonstudio entwickelt wurde. Die Supernierencharakteristik erstreckt sich über den gesamten Übertragungsbereich und garantiert hohe, rückkopplungsfeste Verstärkungen, maximale Isolierung von anderen Schallquellen und ein Minimum an außeraxialen Verfärbungen. Der konturierte Frequenzgang eignet sich hervorragend für die Nahaufnahme von Gesangsstimmen.', 252, '159.00', '159.00', 197, '2022-05-25 03:57:40', '2022-05-25 13:36:07', 1),
(98, 'Neumann TLM170 R mt', 'K 89 Doppelmembrankapsel\r\n5 Richtcharakteristiken: Kugel, Niere, Acht, Hyperniere und breite Niere\r\nfernumschaltbar mit optionalem N 48 R-2 (nicht im Lieferumfang enthalten)\r\nDynamikumfang: 130 dB\r\nGrenzschalldruckpegel: 154 dB\r\nRauschabstand: 80 dB\r\nEmpfindlichkeit: 8 mV/Pa\r\nPad Schalter\r\nFarbe: Schwarz', 252, '2.66', '2.66', 198, '2022-05-25 03:58:42', '2022-05-25 13:36:42', 1),
(99, 'JBL Flip Essential Bluetooth Lautsprecher, Gun Metal, Wasserfest', 'Wenn Sie einen hochwertigen Bluetooth Lautsprecher benötigen, sind Sie beim Flip Essential auf der richtigen Fährte: JBL hat sich bei diesem Produkt an Standards bei der Soundproduktion orientiert. Das macht sich deutlich am Klang bemerkbar!', 253, '74.99', '74.99', 199, '2022-05-25 04:21:52', '2022-05-25 13:11:08', 1),
(100, 'BOSE SoundLink Revolve (Series II) Bluetooth Lautsprecher', 'BOSE SoundLink Revolve (Series II) Bluetooth Lautsprecher, Schwarz, Wasserfest', 253, '199.99', '199.99', 199, '2022-05-25 04:22:51', '2022-05-25 13:36:07', 1),
(101, 'Ultima 40', 'Stand-Lautsprecher UL 40 Mk3 18 (Stk.)', 253, '349.99', '349.99', 198, '2022-05-25 04:30:46', '2022-05-25 13:23:05', 1),
(102, 'Apple AirPods (3rd Generation) True Wireless Kopfhörer', 'Die AirPods. Mit 3D Audio, das Sound überall um dich herum platziert¹, einem Adaptiven EQ, der Musik an deine Ohren anpasst, einer längeren Batterielaufzeit² und Schutz vor Schweiß und Wasser. Das ganze Erlebnis ist einfach magisch.³', 251, '159.00', '159.00', 197, '2022-05-25 04:32:53', '2022-05-25 13:36:42', 1),
(103, 'CINEBAR ONE', 'Die CINEBAR ONE ist eine auf das Beste reduzierte Soundbar, die schon beim ersten Ton über sich hinaus wächst. Dank Dynamore Ultra erlebst du virtuellen Surround Sound – am TV-Gerät, PC oder Notebook, im Schlafzimmer, Kinderzimmer oder Homeoffice.', 254, '249.99', '249.99', 199, '2022-05-25 04:33:56', '2022-05-25 13:11:08', 1),
(104, 'CINEBAR 11 \"2.1-Set\"', '11 von 10 Punkten für guten Sound. Spendiere deinen Lieblingsfilmen, Serien und Games das, was sie verdienen: erdigen Bass plus prickelnde Höhen. Die CINEBAR 11 bietet dir zudem einen Subwoofer, der unters Sofa passt sowie optionalen Surround Sound. Und dein Fernseher wird Ohren machen. Die CINEBAR 11 erhielt das Testergebnis GUT mit der Testnote 2,4 von Stiftung Warentest aus einem Test (08/2021) mit Soundbars mit seperater Bassbox.', 254, '399.99', '399.99', 199, '2022-05-25 04:38:29', '2022-05-25 13:36:42', 1),
(105, 'Sonos Soundbar RAY weiß (Airplay 2, WLAN)', 'Vier digitalen Verstärker der Klasse D\r\nBassreflexsystem\r\nSynchronisierung mit der TV-Fernbedienung\r\nApple AirPlay 2\r\nWLAN\r\nTouch Steuerung\r\nSprachverbesserung\r\nNachtmodus\r\nAbmessungen (H x B x T): 7,1 x 55,9 x 9,5 cm, Gewicht: 1,95 kg\r\nLieferumfang: Stromkabel 2m, Optisches Kabel 1,5m', 254, '299.00', '299.00', 199, '2022-05-25 04:39:14', '2022-05-25 13:36:07', 1),
(106, 'CREATIVE SB AE5+', 'CREATIVE SB AE5+ Soundkarte, intern, Sound BlasterX AE-5 Plus, 7.1, PCIe', 255, '124.95', '124.95', 198, '2022-05-25 05:02:18', '2022-05-25 13:36:07', 1),
(107, 'ASUS Strix Soar, Soundkarte', 'Heimkino-Blockbuster und Wohnzimmer-Konzerte erreichen dank der Soundkarte von ASUS neue Höhepunkte: Die Karte sorgt für einen klaren und detailreichen Sound und somit für herausragende Klangerlebnisse.\r\n\r\nDie Soundkarte besitzt gleich mehrere Audioeingänge: 1x Klinke (3.5mm)(analog). Das Gerät können Sie intern mit Ihrem Computer verbinden. Zusätzlich stehen Ihnen mehrere Anschlüsse zur Verfügung (1x Kopfhörer-Ausgang, 1x Line-Eingang, 1x Line-OUT, 1x PCI-E und 1x S/PDIF-Ausgang).\r\n\r\nQualität, die man hört: Die Soundkarte 90YB00J0-M1UA00 STRIX SOAR bringt den Sound von Ihrem Computer auf eine neue Ebene.', 255, '87.99', '87.99', 199, '2022-05-25 05:05:54', '2022-05-25 13:23:05', 1),
(108, 'CREATIVE SB Z Soundkarte SE', 'LASKLARER KLANG – Freuen Sie sich auf eine beeindruckende Audioqualität mit bis zu 116 dB SNR bei einer Bitrate von bis zu 24 Bit / 192 kHz. Die Soundkarte verfügt außerdem über vergoldete Anschlüsse, eine Lautsprecher-Optimierungstechnik und Kodiermöglichkeiten für digitale Inhalte für beste digitale Audioleistung. In Verbindung mit der ASIO-Unterstützung (Audio Stream Input/Output) liefert der Sound Blaster Z SE Audiosignale mit niedriger Latenz und hoher Klangtreue, auch bei Audioaufnahmen', 255, '89.10', '89.10', 198, '2022-05-25 05:15:39', '2022-05-25 13:36:42', 1),
(109, 'Amazon eero Pro WLAN-Mesh-Router/Extender', 'Tri-Band-Geschwindigkeit – Der WLAN-Mesh-Router von eero Pro stellt eine Verbindung zu Ihrem vorhandenen Modem her und bietet eine leistungsfähige, zuverlässige WLAN-Abdeckung von bis zu 160 m² für Ihr Zuhause.', 200, '139.00', '139.00', 197, '2022-05-25 06:13:08', '2022-05-25 13:38:27', 1),
(110, 'HPE J9379A', 'HP MSM310 Access Point, HP E-802.11 a/b/g', 200, '35.70', '35.70', 199, '2022-05-25 06:14:32', '2022-05-25 13:37:27', 1),
(111, ' Vergrößern  tp-link EAP115 Access Point', 'Artikelnummer:	847246\r\nDatenübertragungsrate LAN:	10/100 Mbit/Sek.\r\nSchnittstellen:	LAN (RJ45), WLAN\r\nDatenübertragungsrate WLAN:	300 Mbit/Sek.\r\nEigenschaften:	Fast-Ethernet Anschluss', 200, '32.69', '32.69', 199, '2022-05-25 06:15:27', '2022-05-25 13:37:57', 1),
(112, 'USB Bluetooth Adapter', 'USB Bluetooth Adapter | Bluetooth USB Dongle | Nano Stick für PC mit Windows 10, 8, 7, XP, Vista | Plug & Play | EINSTECKEN & EINSCHLATEN | Unterstützt BT Kopfhörer, Lautsprecher, Mäuse, Tastatur etc', 201, '6.99', '6.99', 199, '2022-05-25 06:16:33', '2022-05-25 13:11:08', 1),
(113, 'Aux Bluetooth Adapter', 'Aux Bluetooth Adapter Auto,Bluetooth Aux Adapter,Drahtloser Aux Bluetooth 5.0 Adapter mit Freisprechanrufen Drahtloser 3,5mm Bluetooth Kfz Adapter für Auto und Heimstereosysteme', 201, '12.99', '12.99', 199, '2022-05-25 06:17:14', '2022-05-25 13:17:22', 1),
(114, 'NUOE Bluetooth Adapter', 'NUOE Bluetooth Adapter, Bluetooth Transmitter Bluetooth 5.0 Transmitter für 3,5-mm Geräte Audio Adapter für TV, PC,Heim Stereoanlage', 201, '7.59', '7.59', 199, '2022-05-25 06:17:51', '2022-05-25 13:38:27', 1),
(115, 'S5860-20SQ - 24-Port Ethernet L3 Fully Managed Pro Switch', 'S5860-20SQ - 24-Port Ethernet L3 Fully Managed Pro Switch, 20x 10Gb SFP+, 4x 25Gb SFP28, 2x 40Gb QSFP+, Stackable, Broadcom Chip', 202, '1522.00', '1522.00', 199, '2022-05-25 06:18:46', '2022-05-25 13:17:22', 1),
(116, 'N5860-48SC - 48-Port Ethernet L3 Switch für Rechenzentren', 'N5860-48SC - 48-Port Ethernet L3 Switch für Rechenzentren, 48x 10Gb SFP+, 8x 100Gb QSFP28, Stackable, Broadcom Chip, Software vorinstalliert', 202, '4473.00', '4473.00', 199, '2022-05-25 06:19:26', '2022-05-25 13:13:42', 1),
(117, 'EDI GS-1016 V2 Switch, 16-Port, Gigabit Ethernet', 'Gigabit High Speed:\r\nAusgestattet mit 16-Gigabit-Ethernet-Ports mit Vollduplex- und 10KB-Jumbo-Frames-Unterstützung\r\nQoS für verbesserten Datenverkehr:\r\nUnterstützt IEEE802.1p QoS zur Gewährleistung der höchsten Priorität für Video- und Sprachverkehr\r\nHohe Leistung & zuverlässige Verbindung:\r\nUnterstützt IEEE 802.3x Flow Control, Auto-Negotiation, No-Blocking Wire Speed, Auto-MDI/MDI-X, Auto-Correction und Schleifenerkennung\r\nEnergieeffizient & stromsparend:\r\nEntspricht IEEE 802.3az Energy Efficient Ethernet, Erkennung von inaktiven Verbindungen sowie von Kabellängen, um Strom zu sparen\r\nPlug-and-Play & flexibler Einsatz:\r\nKeine Software oder Konfiguration erforderlich und für den flexiblen Einsatz auf dem Schreibtisch, an der Wand montiert oder im Gestell konzipiert', 202, '79.95', '79.95', 196, '2022-05-25 06:23:17', '2022-05-25 13:37:57', 1),
(118, 'AVM FRITZBox 4020, WLAN Router, internationale Version', 'WLAN-Router für den Betrieb an ein Modem am Kabel-/DSL-/Glasfaser-Anschluss, an ein vorhandenes Netzwerk, oder UMTS-/HSPA-/LTE-Stick (USB)\r\nWLAN N mit bis zu 450 MBit/s (reguläres 2,4 GHz-Band), WLAN- oder LAN-Gastzugang zum Internet für Besucher ohne Zugriff auf das private Heimnetz', 203, '51.00', '51.00', 198, '2022-05-25 06:24:21', '2022-05-25 13:37:57', 1),
(119, 'TENDA AC23 WLAN Router 2.4/5 GHz 2033 MBit/s', 'Internet-Account Übernahme ohne Konfiguration\r\nUnterstützt Beamforming+\r\nVereint das 2,4 GHz und das 5 GHz Signal\r\nUnterstützt Gast-Netzwerk\r\nUnterstützt Client-Filter', 203, '53.99', '53.99', 199, '2022-05-25 06:25:14', '2022-05-25 13:37:27', 1),
(120, 'NETGEAR Nighthawk RAX200 - Wireless Router - 5-Port-Switch - GigE, 2.5 GigE - 802.11a/b/g/n/ac/ax - Tri-Band', 'AX11000 Nighthawk AX12/12-Stream Tri-Band WLAN 6 Router, Quad-Core 1.8GHz Processor, Multi-Gig 2.5G/1G ETH Port, 1024-QAM, 2x USB-3.0-Ports, Port-Aggregation, 64-bit 1.8GHz Quad-core Prozessor für 4K/8K UHD Streaming & Gaming ideal für Gigabit Internet Geschwindigkeiten', 203, '545.42', '545.42', 199, '2022-05-25 06:28:04', '2022-05-25 13:17:22', 1),
(121, 'AVM FRITZ!WLAN Mesh Repeater 600', 'AVM FRITZ!WLAN Mesh Repeater 600 (WLAN N bis zu 600 MBit/s (2,4 GHz), WPS, kompakte Bauweise, deutschsprachige Version)', 204, '32.99', '32.99', 199, '2022-05-25 06:28:59', '2022-05-25 13:23:05', 1),
(122, 'TP-LINK TL-WA850RE 300MBit/s WLAN Repeater', 'Der WLAN-Repeater TL-WA850RE macht Schluss mit Funklöchern. Mit einer Geschwindigkeit von bis zu 300 Mbit/s verlängert er das WLAN-Signal einwandfrei in bisher unerreichte oder schwer zu verkabelnde Bereiche und sorgt für einen stabilen Empfang für Computer, Laptops, Smartphones und Mediaplayer.\r\n\r\nDie Inbetriebnahme das TL-WA850RE ist kinderleicht: Um den Repeater mit dem Router zu verbinden, drücken Sie zunächst die WPS-Taste am Router gefolgt von der WPS-Taste (RE) am Repeater. Das war\'s! Anschließend können Sie den Repeater innerhalb der WLAN-Reichweite in jede beliebige Steckdose einstecken, ohne weitere Einstellungen vornehmen zu müssen.\r\n\r\nÜber den LAN-Port des TL-WA850RE können kabelgebundene Netzwerkgeräte ohne eigene WLAN-Funktion wie Blue-ray Player, Spielekonsolen und Smart TVs in das vorhandene WLAN eingebunden werden.\r\n\r\nDie intelligenten Signalleuchten zeigen die aktuell durch den TL-WA850RE empfangene Signalstärke an. So können Sie ganz einfach den besten Betriebsort finden.\r\n\r\nFür eine optimale Signalstärke wird empfohlen, den Repeater an einer Stelle anzubringen, an der 3-4 LEDs leuchten.\r\n\r\nDer Gigabit-Ethernet-Port des RE650 bietet einen superschnellen Kabelzugang für Desktop-PCs, Smart-TVs und Spielekonsolen\r\n\r\nDurch die intelligente Signalstärkeanzeige ist der optimale Betriebsort Ihres RE650 schnell gefunden.\r\n\r\nDer RE650 ist mehr als nur ein einfacher Repeater. Bei vorhandenem Kabelzugang dient das Gerät auch als MU-MIMO-Dualband-WLAN-Accesspoint.\r\n\r\nFällt ein Band des Routers aus, bietet der RE650 an seinem Standort weiterhin ein Dualband-WLAN an, um die Endgeräte zu versorgen. So können Sie durchgehend unbeschwert unterbrechungsfreie Verbindungen genießen.', 204, '19.99', '19.99', 199, '2022-05-25 06:29:44', '2022-05-25 13:37:27', 1),
(123, 'TP-LINK TL-WA860RE 300MBit/s mit Steckdose WLAN Repeater', '\r\nKombinationen\r\nEmpfohlene Kombinationen\r\nUnsere Top-Empfehlung\r\nTP-LINK TP-LINK TL-WA860RE 300MBit/s mit Steckdose WLAN Repeater\r\nTP-LINK TL-WA860RE 300MBit/s mit Steckdose WLAN Repeater\r\n\r\nUVP 29.99Der hier angezeigte Stattpreis ist die unverbindliche Preisempfehlung des Herstellers.UVP 29.99\r\n23.9923.99\r\nSERVICE Ready2Go@home Wifi Booster: Optimierung der WLAN- und Internetperformance\r\nReady2Go@home Wifi Booster: Optimierung der WLAN- und Internetperformance\r\n\r\n\r\nDetails anzeigen\r\n99.–99\r\n\r\nAlternativen\r\n122.99122.99\r\n\r\ninkl. MwSt. zzgl. Versand\r\nIn den Warenkorb\r\nTP-LINK TP-LINK TL-WA860RE 300MBit/s mit Steckdose WLAN Repeater\r\nTP-LINK TL-WA860RE 300MBit/s mit Steckdose WLAN Repeater\r\n\r\nUVP 29.99Der hier angezeigte Stattpreis ist die unverbindliche Preisempfehlung des Herstellers.UVP 29.99\r\n23.9923.99\r\nHAMA HAMA CAT-5e, Netzwerkkabel, 20 m\r\nHAMA CAT-5e, Netzwerkkabel, 20 m\r\n\r\n24.9924.99\r\n\r\nAlternativen\r\n48.9848.98\r\n\r\ninkl. MwSt. zzgl. Versand\r\nIn den Warenkorb\r\nTP-LINK TP-LINK TL-WA860RE 300MBit/s mit Steckdose WLAN Repeater\r\nTP-LINK TL-WA860RE 300MBit/s mit Steckdose WLAN Repeater\r\n\r\nUVP 29.99Der hier angezeigte Stattpreis ist die unverbindliche Preisempfehlung des Herstellers.UVP 29.99\r\n23.9923.99\r\nTP-LINK TP-LINK TL-WA850RE 300MBit/s WLAN Repeater\r\nTP-LINK TL-WA850RE 300MBit/s WLAN Repeater\r\n\r\nUVP 22.99Der hier angezeigte Stattpreis ist die unverbindliche Preisempfehlung des Herstellers.UVP 22.99\r\n19.9919.99\r\n\r\nAlternativen\r\n43.9843.98\r\n\r\ninkl. MwSt. zzgl. Versand\r\nIn den Warenkorb\r\nWeitere Pakete anzeigen\r\nProduktbeschreibung\r\nSie wünschen sich vollen WLAN-Empfang im ganzen Haus? Der WLAN-Repeater TL-WA860RE macht Schluss mit Funklöchern. Mit zwei externen Antennen verlängert er das WLAN-Signal einwandfrei in bisher unerreichte oder schwer zu verkabelnde Bereiche und sorgt für einen stabilen Empfang für Computer, Laptops, Smartphones und Mediaplayer.\r\n\r\nDie Inbetriebnahme das TL-WA860RE ist kinderleicht und erfordert keinerlei Konfiguration. Um den Repeater mit dem Router zu verbinden, drücken Sie zunächst die WPS-Taste am Router gefolgt von der WPS-Taste am Repeater. Das war\'s!\r\n\r\nDas kleine Gehäuse zum praktischen Einstecken in die Steckdose erlaubt eine einfache und flexible Installation. Die integrierte Steckdose sorgt dafür, dass Ihnen kein Steckplatz verloren geht.\r\n\r\nDie intelligenten Signalleuchten zeigen die aktuell durch den TL-WA860RE empfangene Signalstärke. So können Sie ganz einfach den besten Betriebsort finden.\r\n\r\nÜber den LAN-Port des TL-WA860RE können kabelgebundene Netzwerkgeräte ohne eigene WLAN-Funktion wie Blue-ray Player, Spielekonsolen und Smart TVs in das vorhandene WLAN eingebunden werden.', 204, '23.99', '23.99', 198, '2022-05-25 06:31:12', '2022-05-25 13:37:57', 1),
(124, 'CSL - RGB Gaming Mauspad', 'CSL - RGB Gaming Mauspad - LED Schreibtischunterlage - 800x300 mm - XXL Mousepad - LED Multi Color - 11 Beleuchtungs-Modi - 7 LED Farben Plus 4 Effektmodi - abwaschbar - schwarz', 152, '15.99', '15.99', 197, '2022-05-25 06:32:16', '2022-05-25 13:12:29', 1),
(125, 'ROCCAT ROC-13-181 SENSE CORE XXL Mauspad', 'Produkttyp	Mauspad\r\nMaterial	Polyester\r\nGewicht (laut Hersteller)	k. A.\r\nFarbe (laut Hersteller)	Schwarz\r\nFarbe (normiert)	Schwarz\r\nLieferumfang	Mauspad\r\nHersteller Artikelnummer	ROC-13-181', 152, '19.99', '19.99', 198, '2022-05-25 06:52:45', '2022-05-25 13:22:10', 1),
(126, 'Logitech K120 Kabelgebundene Business Tastatur für Windows und Linux', 'Logitech K120 Kabelgebundene Business Tastatur für Windows und Linux, USB-Anschluss, Leises Tippen, Robust, Spritzwassergeschützt, Tastaturaufsteller, Russisches Layout - schwarz', 153, '13.99', '13.99', 199, '2022-05-25 06:57:35', '2022-05-25 13:25:21', 1),
(127, 'Fujitsu S26381-K955-L420 Tastaturen, Einfarbig, Schwarz', 'Die KB955 ist eine ultraflache Tastatur mit extra flachen Tasten und Spritzwasserschutz. Das elegante Design und die hochwertige Verarbeitung machen die KB955 zum idealen Eingabegerät für jeden PC- oder Notebook-Nutzer. Sollten Sie versehentlich Wasser oder Kaffee auf die Tastatur schütten, leitet diese spezielle Konstruktion die Flüssigkeit ab.', 153, '28.79', '28.79', 199, '2022-05-25 06:59:56', '2022-05-25 13:22:10', 1),
(128, 'UK Layout 60% Mechanische Gaming-Tastatur Typ C ', 'UK Layout 60% Mechanische Gaming-Tastatur Typ C verkabelt 61 Tasten LED-beleuchtete USB-wasserdichte Tastatur 14 Chroma RGB-Hintergrundbeleuchtung Anti-Ghosting-Tasten für Computer/PC/Lapto/MAC', 154, '35.62', '35.62', 199, '2022-05-25 07:02:16', '2022-05-25 13:11:08', 1),
(129, 'LOGITECH G213 Prodigy Gaming', 'LOGITECH G213 Prodigy Gaming, Tastatur, Rubberdome, kabelgebunden, Schwarz', 154, '62.99', '62.99', 199, '2022-05-25 07:03:06', '2022-05-25 13:26:43', 1),
(130, 'Logitech G29 Driving Force Gaming Rennlenkrad', 'Logitech G29 Driving Force Gaming Rennlenkrad, Zweimotoriges Force Feedback, 900° Lenkbereich, Racing Leder-Lenkrad, Verstellbare Edelstahl Bodenpedale, für PS5, PS4, PC, Mac - Schwarz', 156, '242.60', '242.60', 198, '2022-05-25 07:04:23', '2022-05-25 13:14:14', 1),
(131, 'Thrustmaster T.Flight Stick X', 'Thrustmaster T.Flight Stick X, Joystick mit Rudersteuerung, umprogrammierbaren Tasten und Achsen, Drehgriff, integriertem Schubhebel, Schnellfeuerauslöser, PC/USB-kompatibel', 155, '38.00', '38.00', 199, '2022-05-25 07:05:42', '2022-05-25 13:17:22', 1),
(132, 'LOGITECH Extreme 3D Joystick', 'Sie sind ein Fan von Simulationsspielen? Dann ist der Joystick LOGITECH Extreme 3D genau das Richtige für Sie!\r\n\r\nMit der schwarzen Farbgebung passt das Gerät perfekt zum Rest Ihrer Technik. Der Controller wartet auf seinen Platz am PC und auf Einsatz. Natürlich darf bei dem Modell auch ein USB-Anschluss nicht fehlen, der heutzutage schon fast zur Standardausrüstung von Computerzubehör gehört.\r\n\r\nSignale werden mittels Kabel übertragen. Dank 12 Tasten haben Sie im Spiel alles perfekt im Griff.\r\n\r\nStundenlanger Spielspaß ist Ihnen mit dem Joystick von LOGITECH sicher!', 155, '45.99', '45.99', 199, '2022-05-25 07:06:29', '2022-05-25 13:12:29', 1),
(133, 'Titanwolf Joystick ', 'Titanwolf Joystick (Flight Stick mit HOTAS Funktion Vierweg Joystick mit stufenlosem Schubregler)', 155, '44.95', '44.95', 198, '2022-05-25 07:07:23', '2022-05-25 13:38:50', 1),
(134, 'XBOX Wireless Controller, für Xbox One / Series S/X / PC - schwarz', 'Kabelloser Controller in Schwarz\r\nVerbindung per USB/Bluetooth/Xbox-Wireless\r\nmit USB-C-Buchse\r\nkompatibel zu PC/Xbox/Android/iOS\r\nbis zu 40 Stunden Akkulaufzeit', 157, '64.90', '64.90', 198, '2022-05-25 07:08:34', '2022-05-25 13:12:29', 1),
(135, 'PlayStation 4 Wireless Controller', 'DUALSHOCK4 Wireless-Controller Jet Black v2\r\nDer DUALSHOCK 4 Wireless-Controller bietet eine Kombination aus\r\nrevolutionären Funktionen in einem intuitiven Design und präziser St\r\neuerung und definiert so eine vollkommen neue Generation des Gamings.\r\nErgonomischer Design – Entdecken Sie das elegante, super komfortable\r\nDesign und die optimierten Analog-Stick und Tasten, die für ein genaues\r\nund präzises Spiel sorgen.\r\nSHARE-Taste – Mit der SHARE-Taste können Gameplay-Videos und Screenshots\r\naus dem Spiel in sozialen Netzwerken geteilt werden. Streamen Sie live\r\nauf Twitch, YouTube und Dailymotion oder schneiden Sie aufgenommene\r\nSpielszenen und teilen diese auf Facebook und Twitter.\r\nTouchpad – Sie können mit dem interaktiven Touchpad nicht nur steuern,\r\nsondern auch gestikulieren und zeichnen – im neuen Design ist zusätzlich\r\neine Leuchtleiste intrigiert.\r\nLeuchtleiste – Die Lichtleiste bietet mit der Ausstrahlung verschiedener\r\nFarben ein personalisiertes Erlebnis und eine neue Dimension des\r\nGamings. Zudem vereinfacht es der PlayStation®Camera Ihre Position zu\r\nerfassen und somit eine verbesserte Interaktion mit der virtuellen Welt\r\nder PlayStation®VR.\r\nStereoheadset-Anschluss – Genießen Sie die extra Soundeffekte und\r\nkommunizieren Sie mit ihren Freunden via Headset.\r\nVibration Feedback – Dank der intuitiven Vibrationsmotoren und des\r\nZittern und Rütteln des Controllers fühlen Sie sich noch mehr in die\r\nactionreichen Spiele eingebunden.\r\nRemote Play – Streamem Sie ihre Spiele über das WLAN-Netzwerk auf Ihren\r\nPC oder Mac– die Zeiten, in denen Sie an den Fernseher gefesselt waren,\r\nsind vorbei!\r\nIndividuelle Einstellung – Ihr DUALSHOCK® lässt sich von Ihnen so\r\neinstellen wie es Ihnen gefällt. Sie können mit der Lautstärke var\r\niieren, die Vibration deaktivieren und die Helligkeit der Leuchtleiste anpassen um Akku zu sparen. Sie können ebenso entscheiden,\r\nob sie via Bluetooth® oder USB Kabel mit Ihrer PS4™ interagieren.', 157, '69.99', '69.99', 197, '2022-05-25 07:10:30', '2022-05-25 13:38:06', 1),
(136, 'Nacon Wired Compact Controller, Gamepad', 'Nacons kabelgebundener Compact Controller ist offiziell für PS4-Konsolen lizenziert und verfügt über eine Reihe wesentlicher Merkmale, darunter Touchpad, Vibrationsmotoren und LED-Spieler-Status-Kontrollleuchte. Außerdem bietet er Aktionstasten mit PlayStation-Symbolen und -farben sowie SHARE-, OPTIONS- und PS-Taste. Die ergonomische Form und die gummierte Oberfläche bieten überlegenen Komfort und optimale Griffigkeit für alle Arten von Spielen, auch nach langen Spielsitzungen. Mit einem 3 m langen Kabel passt er perfekt zu jedem Gaming-Setup im Wohnzimmer. Er besitzt einen Headset-Anschluss für das vollständige Eintauchen in die Lieblingsspiele. Der kabelgebundene Compact Controller ist auch PC-kompatibel (XInput) für noch mehr Vielseitigkeit.', 157, '41.99', '41.99', 199, '2022-05-25 07:12:31', '2022-05-25 13:38:50', 1),
(137, 'Sabrent 4-Port USB 2.0 Hub', 'Sabrent 4-Port USB 2.0 Hub mit einzelnen Schalter und einzelnen LEDs (HB-UMLS)', 158, '9.99', '9.99', 195, '2022-05-25 07:13:27', '2022-05-25 13:26:43', 1),
(138, 'speedlink USB-Hub SNAPPY SLIM 4-fach schwarz', 'Mit dem speedlink USB-Hub SNAPPY SLIM 4-fach schwarz können Sie Ihr Gerät einfach um zusätzliche Schnittstellen erweitern. Schließen Sie ihn einfach an und vervielfältigen Sie die Anzahl Ihrer Anschlussmöglichkeiten. Somit haben Sie nie mehr das lästige Problem fehlender Anschlüsse und haben immer einen freien Steckplatz für Ihre Peripheriegeräte parat. Weiterlesen und noch mehr interessante Informationen zu diesem Artikel erhalten!', 158, '4.98', '4.98', 197, '2022-05-25 07:14:02', '2022-05-25 13:38:06', 1),
(139, 'SPEEDLINK SNAPPY SLIM USB Hub 4-Port, USB HUB, Weiß', 'Dank des weißen USB-Hubs SPEEDLINK SNAPPY SLIM USB Hub 4-Port müssen Sie keine Geräte mehr von Ihrem Computer trennen, um zusätzliche anzuschließen.\r\n\r\nSchnelle Datenübertragung leicht gemacht: mit dem USB HUB SNAPPY SLIM USB Hub 4-Port.', 158, '4.99', '4.99', 199, '2022-05-25 07:14:44', '2022-05-25 13:25:21', 1);

INSERT INTO `product_images` (`id`, `img`, `product_id`) VALUES
(9, 'High-end-monitor.jpg', 8),
(10, 'CapOwhpQaQn8MquiO5nNNe.webp', 8),
(16, 'image_6253d842d403e_monitor.png', 13),
(17, 'image_6253d8cd95357_lenovo-d27-30.jpg', 14),
(19, 'image_625670bdaf9e9_323223.jpg', 15),
(20, 'image_625672efae726_343434.jpg', 16),
(21, 'image_625673ea8886e_1325223_0__8935272.jpg', 17),
(22, 'image_625673ea8a767_1325223_1__8935272-1.jpg', 17),
(23, 'image_6256748cf1c46_1380727_0__74529.jpg', 18),
(24, 'image_6256748d01e2f_1380727_1__74529-1.jpg', 18),
(25, 'image_6256749e5edc5_81Z4sem5oJL._AC_SY450_.jpg', 19),
(26, 'image_6256753a2e908_1380726_0__74528.jpg', 20),
(27, 'image_6256759030b9d_1380728_1__74530-1.jpg', 21),
(28, 'image_625675a3ad8d2_18290067134-1600-2wtClJdJy4Xs3E.jpg', 22),
(29, 'image_625675dde3982_1401241_2__75135-2.jpg', 23),
(30, 'image_625675dde46c4_1401241_1__75135-1.jpg', 23),
(31, 'image_625675dde6466_1401241_0__75135.jpg', 23),
(32, 'image_62567616186d4_1419324_0__70406.jpg', 24),
(33, 'image_62567663213a1_320_asset_mms_76742273_fee_786_587_png.jpg', 25),
(34, 'image_62567682874db_1358986_7__74112-8.jpg', 26),
(35, 'image_6256768288064_1358986_6__74112-6.jpg', 26),
(36, 'image_6256768289018_1358986_5__74112-5.jpg', 26),
(37, 'image_625676828a13d_1358986_4__74112-4.jpg', 26),
(38, 'image_625676828ab29_1358986_3__74112-3.jpg', 26),
(39, 'image_625676828b46a_1358986_2__74112-2.jpg', 26),
(40, 'image_625676828bd47_1358986_1__74112-1.jpg', 26),
(41, 'image_625676828f00b_1358986_0__74112.jpg', 26),
(42, 'image_6256776c3ad57_1292800_0__72488.jpg', 27),
(43, 'image_6256776c3bb64_1292800_1__72488-1.jpg', 27),
(44, 'image_625677aabda7c_1374976_0__74300.jpg', 28),
(45, 'image_62567884d0563_1290084_0__72355.jpg', 29),
(46, 'image_625678c2aae77_1440079_0__72436.jpg', 30),
(47, 'image_6256791e8033e_1419174_1__70405-1.jpg', 31),
(48, 'image_6256796339567_1332120_1__8941948-1.jpg', 32),
(49, 'image_6256796339e2f_1332120_0__8941948.jpg', 32),
(50, 'image_625679c364bb4_1223022_6__8836863-6.jpg', 33),
(51, 'image_625679c365831_1223022_5__8836863-5.jpg', 33),
(52, 'image_625679c36608e_1223022_3__8836863-4.jpg', 33),
(53, 'image_625679c366aee_1223022_0__8836863.jpg', 33),
(54, 'image_625679d082afd_mixie-r520-mouse-2-4ghz-wireless-mute-button-adjustable-800-1600dpi-portable-ergonomic-mice-for-office-business-pc-laptop.jpg', 34),
(55, 'image_625679fa5e11b_1310140_0__66640305_3366121081.jpg', 35),
(56, 'image_62567a62234bb_1289657_0__8901273.jpg', 36),
(57, 'image_62567a639f896_1233627_0__8847114.jpg', 37),
(58, 'image_62567aa80bd51_1359907_3__74129-3.jpg', 38),
(59, 'image_62567aa80c5fb_1359907_0__74129.jpg', 38),
(60, 'image_62567b13a87d3_1237725_5__8850997-5.jpg', 39),
(61, 'image_62567b13a9183_1237725_4__8850997-4.jpg', 39),
(62, 'image_62567b13aa0c5_1237725_3__8850997-3.jpg', 39),
(63, 'image_62567b13abab7_1237725_0__8850997.jpg', 39),
(64, 'image_62567b6451bb7_1292721_7__72487-7.jpg', 40),
(65, 'image_62567b6452459_1292721_5__72487-5.jpg', 40),
(66, 'image_62567b6452a64_1292721_4__72487-4.jpg', 40),
(67, 'image_62567b6452f9e_1292721_0__72487.jpg', 40),
(68, 'image_62567baa966eb_1424019_0__89583223_7206678036.jpg', 41),
(69, 'image_62567bf65faa6_1393203_0__9000198.jpg', 42),
(70, 'image_62567d0da172a_1325888_2__8935902-2.jpg', 43),
(71, 'image_62567d0da1e16_1325888_4__8935902-4.jpg', 43),
(72, 'image_62567d0da24f4_1325888_6__8935902-6.jpg', 43),
(73, 'image_62567d0da2b89_1325888_9__8935902-9.jpg', 43),
(74, 'image_62567d0da3192_1325888_0__8935902.jpg', 43),
(75, 'image_62567d786fb5d_schema_org_16_9.jpg', 11),
(76, 'image_626659832e95e_ds6412_voorkant (1).jpg', 44),
(77, 'image_626666aec6870_Mainooooard.jpg', 45),
(78, 'image_626667681325b_image.jpg', 46),
(79, 'image_62666ed4e9bf5_1008331_0__8631259.jpg', 47),
(80, 'image_62666fd01adac_1434640_3__9040176-3.jpg', 48),
(81, 'image_62666fd01b6c2_1434640_1__9040176-1.jpg', 48),
(82, 'image_62666fd01be85_1434640_0__9040176.jpg', 48),
(83, 'image_626670555f898_1414346_4__70027-4.jpg', 49),
(84, 'image_6266705560210_1414346_3__70027-3.jpg', 49),
(85, 'image_626670556092f_1414346_1__70027-1.jpg', 49),
(86, 'image_6266705560f36_1414346_0__70027.jpg', 49),
(91, 'image_626672755e0cd_51293465_0__8904809.jpg', 50),
(92, 'image_6266728ddf2a4_41293465_1__8904809-1.jpg', 50),
(93, 'image_62667297623f6_31293465_2__8904809-2.jpg', 50),
(94, 'image_626672a1daf5f_21293465_3__8904809-3.jpg', 50),
(95, 'image_626672aeccdf0_11293465_4__8904809-4.jpg', 50),
(96, 'image_62668396723f4_1406034_0__9012435.jpg', 51),
(97, 'image_6266839676a6b_1406034_1__9012435-1.jpg', 51),
(98, 'image_6266839677481_1406034_2__9012435-2.jpg', 51),
(99, 'image_6266839677aba_1406034_3__9012435-3.jpg', 51),
(100, 'image_62668396780c6_1406034_4__9012435-4.jpg', 51),
(101, 'image_6266844e45165_1351961_0__8960821.jpg', 52),
(102, 'image_6266844e45ad3_1351961_1__8960821-1.jpg', 52),
(103, 'image_6266844e46420_1351961_2__8960821-2.jpg', 52),
(104, 'image_6266844e46bc3_1351961_3__8960821-3.jpg', 52),
(105, 'image_6266844e47327_1351961_4__8960821-4.jpg', 52),
(106, 'image_626685d39833d_1202395_0__38224224_8441623204.jpg', 53),
(107, 'image_626685d398bdb_1202395_1__38224224_3891528397.jpg', 53),
(108, 'image_626685d399f25_1202395_2__38224224_4358007567.jpg', 53),
(109, 'image_626685d39a8d8_1202395_3__38224224_1360212160.jpg', 53),
(110, 'image_626685d39b0db_1202395_4__38224224_8630106049.jpg', 53),
(111, 'image_626685d39b8e1_1202395_5__38224224_2779476454.jpg', 53),
(112, 'image_626685d39c0c0_1202395_6__38224224_4323443170.jpg', 53),
(113, 'image_626685d39c939_1202395_7__38224224_8834690570.jpg', 53),
(114, 'image_626685d39d157_1202395_8__38224224_9579319797.jpg', 53),
(115, 'image_626685d39dc3f_1202395_9__38224224_1525803886.jpg', 53),
(116, 'image_6266867d0fbfc_1216313_0__39302413_0506537755.jpg', 54),
(117, 'image_6266867d1056b_1216313_1__39302413_5561804988.jpg', 54),
(118, 'image_6266867d112dc_1216313_2__39302413_2028748782.jpg', 54),
(119, 'image_6266867d11998_1216313_3__39302413_9510222928.jpg', 54),
(120, 'image_6266867d12046_1216313_4__39302413_5890025330.jpg', 54),
(121, 'image_6266867d155e6_1216313_5__39302413_5991831995.jpg', 54),
(122, 'image_6266867d15d5d_1216313_6__39302413_8422898108.jpg', 54),
(123, 'image_6266867d16508_1216313_7__39302413_0237180659.jpg', 54),
(124, 'image_6266867d16cf6_1216313_8__39302413_2279244352.jpg', 54),
(125, 'image_6266867d17497_1216313_9__39302413_8170766640.jpg', 54),
(126, 'image_626687049685d_1339796_0__8949367.jpg', 55),
(127, 'image_6266870497070_1339796_1__8949367-1.jpg', 55),
(128, 'image_6266870497711_1339796_2__8949367-2.jpg', 55),
(129, 'image_6266870497e93_1339796_3__8949367-3.jpg', 55),
(130, 'image_6266870498748_1339796_4__8949367-4.jpg', 55),
(131, 'image_6266870499577_1339796_5__8949367-5.jpg', 55),
(132, 'image_6266870499e8d_1339796_6__8949367-6.jpg', 55),
(133, 'image_626687049aa0b_1339796_7__8949367-7.jpg', 55),
(134, 'image_626687049b466_1339796_8__8949367-8.jpg', 55),
(135, 'image_62678bcb6a4bd_A1+-s-uZ3xL._AC_SX450_.jpg', 56),
(136, 'image_62678cdb3a82d_roccat-vulcan-tkl-pro-gaming-tastatur-608523.jpg', 57),
(137, 'image_62678da55ae95_61dPleuUgmS._AC_SX679_.jpg', 58),
(138, 'image_62678eac19979_71hOE+eDCyS._SX522_.jpg', 59),
(139, 'image_62678faa7664a_210617091926600701900079K.jpg', 60),
(140, 'image_62679097e0a5c_51JnfYw9-tL._AC_SY450_.jpg', 61),
(141, 'image_626793754e57d_41iTU4Cn6fL._AC_SX679_.jpg', 62),
(142, 'image_6289269c450a3_Laufwerk.jpg', 64),
(143, 'image_62892a827f68f_Bildschirm.jpg', 65),
(144, 'image_628c74234ef5c_71sYHBDkLnL._AC_SL1500_.jpg', 63),
(145, 'image_628d5996a872d_51W2DRZ2HmL._AC_SL1011_.jpg', 66),
(146, 'image_628d5a0e1f783_1441985_0__72588.jpg', 67),
(147, 'image_628d5a44a94c2_1405395_0__75321.jpg', 68),
(148, 'image_628d5b3a26a2b_2022-05-25 00_24_20-ASUS DRW-24D5MT intern DVD-Brenner DVD-Brenner in Schwarz kaufen _ SATURN - Oper.png', 69),
(149, 'image_628d5b819a4a3_2022-05-25 00_25_27-Externes CD_DVD Laufwerk USB 3.0, BEVA Tragbar CD RW Brenner CD Laufwerk Plug an.png', 70),
(150, 'image_628d5bdda5976_1317275_0__73141.jpg', 71),
(151, 'image_628d5c14bf7c9_19729985_3.jpg', 72),
(152, 'image_628d5c66cf100_1223023_0__8836864.jpg', 73),
(153, 'image_628d5cb99975c_1244351_0__71378.jpg', 74),
(154, 'image_628d659b60b8f_6632-voorkant.jpg', 75),
(155, 'image_628d71711a9d0_4128_1600x1600_4@2x.jpg', 76),
(156, 'image_628d78f20d62b_71ZgrfNbCNL._AC_SL1500_.jpg', 77),
(157, 'image_628d79a05079f_2022-05-25 02_32_46-Monitor SAMSUNG LC24F390FHRXEN 23,5 Zoll Full-HD Monitor (4 ms Reaktionszeit, 60.png', 78),
(158, 'image_628d7a79b6c79_2022-05-25 02_37_42-SAMSUNG C27F390FHR 27 Zoll Full-HD Monitor (4 ms Reaktionszeit, 60 Hz) Monitor k.png', 79),
(159, 'image_628d7abd6db80_2022-05-25 02_39_03-Monitor SAMSUNG LS32A706NWUXEN 32 Zoll UHD 4K Monitor (5 ms Reaktionszeit, 60 Hz.png', 80),
(160, 'image_628d7fdf68a70_2022-05-25 02_59_38-Window.png', 81),
(161, 'image_628d8a31bd664_2022-05-25 03_44_43-Window.png', 82),
(162, 'image_628d8e77bd8d5_s-l1600.jpg', 83),
(163, 'image_628d8f09a4fc9_image_2022-05-25_040540149.png', 84),
(164, 'image_628d9029be108_Windows-Server-2016_600x600.jpg', 85),
(165, 'image_628d9b8637f00_838380_0__8469734.jpg', 86),
(166, 'image_628d9be1d47a4_2022-05-25 05_00_17-Window.png', 87),
(167, 'image_628d9c3caddc4_1447729_0__9052714.jpg', 88),
(168, 'image_628d9c90dfa29_raidsonic-icy-box-monitorstaender-mit-tischhalterung-fuer-zwei-monitore-ib-ms314-t.jpg', 89),
(169, 'image_628d9d0e94d40_1402707_0__9009270.jpg', 90),
(170, 'image_628d9f08e72c2_2022-05-25 05_13_38-Window.png', 91),
(171, 'image_628d9f55ae931_210112142316900301900026G.jpg', 92),
(172, 'image_628d9f9211282_mouton-bp-b100-gallery-image.jpg', 93),
(173, 'image_628da20637756_2022-05-25 05_20_40-Window.png', 94),
(174, 'image_628da2476f599_2022-05-25 05_27_30-Window.png', 95),
(175, 'image_628da8b2dc055_2022-05-25 05_54_17-Window.png', 96),
(176, 'image_628da9346a490_2022-05-25 05_57_05-Window.png', 97),
(177, 'image_628da972cd3a9_2022-05-25 05_57_59-Window.png', 98),
(178, 'image_628daee08e874_2022-05-25 05_59_26-Window.png', 99),
(179, 'image_628daf1b5aaec_2022-05-25 06_22_08-Window.png', 100),
(180, 'image_628db0f66e177_ultima-40-mk3-18-black-1300x1300x72.jpg', 101),
(181, 'image_628db17505b2d_c65fd0d4-6e21-477b-bb02-41f2608a307f.jpg', 102),
(182, 'image_628db1b48af2a_cinebar_one_mk2-black-set.jpg', 103),
(183, 'image_628db2c57cb71_cinebar-11-t6-black-01-StW.jpg', 104),
(184, 'image_628db2f2ed09c_Abbildung_1619542.jpeg', 105),
(185, 'image_628db85a8d1da_CREATIVE_SB-AE5+_01.jpg', 106),
(186, 'image_628db93291e4f_2022-05-25 07_02_43-Window.png', 107),
(187, 'image_628dbb7bcc2a0_2022-05-25 07_07_54-Window.png', 108),
(188, 'image_628dc8f4a7383_41o0R+t1WEL._SL1000_.jpg', 109),
(189, 'image_628dc9487946f_2022-05-25 08_13_38-Window.png', 110),
(190, 'image_628dc97f779ff_tp-link-eap115-access-point-847246.jpg', 111),
(191, 'image_628dc9c1b979a_31CIva9QwsL._AC_.jpg', 112),
(192, 'image_628dc9ea3c9e9_51OkOFI0hdS._AC_SL1500_.jpg', 113),
(193, 'image_628dca0f829eb_51MWx3EW4pL._AC_SL1500_.jpg', 114),
(194, 'image_628dca46dc160_108710.main.jpg', 115),
(195, 'image_628dca6e664fd_110478.main.jpg', 116),
(196, 'image_628dcb5537af7_2022-05-25 08_19_56-Window.png', 117),
(197, 'image_628dcb953c811_11VloPbOU5S._AC_.jpg', 118),
(198, 'image_628dcbca2c067_2022-05-25 08_24_43-Window.png', 119),
(199, 'image_628dcc749b348_aHR0cDovL2Nkbi5jbmV0Y29udGVudC5jb20vMzcvOGUvMzc4ZTA0YzEtNzhmMS00ZTExLWFlNDItOTE0NGM3ZTQyZWQxLmpwZw==.jpg', 120),
(200, 'image_628dccabdb972_61Z2O9wBk7L._AC_SL1500_.jpg', 121),
(201, 'image_628dccd82ba15_2022-05-25 08_29_15-Window.png', 122),
(202, 'image_628dcd303115f_2022-05-25 08_30_46-Window.png', 123),
(203, 'image_628dcd700a3ee_71t1lMXxWYL._AC_SL1500_.jpg', 124),
(204, 'image_628dd23da996e_2022-05-25 08_32_28-Window.png', 125),
(205, 'image_628dd35f0e496_71WYriusdPL._AC_SL1500_.jpg', 126),
(206, 'image_628dd3ec05a8d_71aM22Zpp0L._AC_SL1500_.jpg', 127),
(207, 'image_628dd478f3bf5_71eXl5vfkQL._AC_SL1500_.jpg', 128),
(208, 'image_628dd4aa50501_2022-05-25 09_02_36-Window.png', 129),
(209, 'image_628dd4f78c8df_61IYYoZ66VL._AC_SL1500_.jpg', 130),
(210, 'image_628dd54630312_71se60rnXTL._SL1500_.jpg', 131),
(211, 'image_628dd575a7bea_2022-05-25 09_05_56-Window.png', 132),
(212, 'image_628dd5ab9ed3b_2022-05-25 09_06_53-Window.png', 133),
(213, 'image_628dd5f21c825_ksmx-012_ksmx_012_01_800x800.jpg', 134),
(214, 'image_628dd66633f44_2022-05-25 09_09_36-Window.png', 135),
(215, 'image_628dd6df138ee_Nacon_Wired_Compact_Controller__Gamepad@@1749459.jpg', 136),
(216, 'image_628dd7170a2af_71igbmDJwDL._AC_SL1500_.jpg', 137),
(217, 'image_628dd73a6031a_speedlink-usb-hub-snappy-slim-4-fach-schwarz-159451.jpg', 138),
(218, 'image_628dd76496e6c_2022-05-25 09_14_14-Window.png', 139);

INSERT INTO `orders` (`id`, `kunden_id`, `rechnungsadresse`, `lieferadresse`, `ordered`, `ordered_date`, `sent`, `sent_date`) VALUES
(7, 1, 1, 1, 1, '2022-05-25 15:11:08', 0, NULL),
(69, 1, 1, 1, 1, '2022-05-25 15:12:29', 1, '2022-05-25 15:40:50'),
(83, 1, 1, 1, 1, '2022-05-25 15:12:25', 1, '2022-05-25 15:40:53'),
(84, 1, 1, 1, 1, '2022-05-25 15:12:37', 1, '2022-05-25 15:40:49'),
(85, 1, 1, 1, 1, '2022-05-25 15:17:22', 0, NULL),
(86, 1, 1, 1, 1, '2022-05-25 15:13:08', 1, '2022-05-25 15:40:56'),
(87, 1, 1, 1, 1, '2022-05-25 15:13:42', 1, '2022-05-25 15:40:43'),
(88, 1, 1, 1, 1, '2022-05-25 15:14:14', 1, '2022-05-25 15:40:58'),
(89, 1, 1, 1, 1, '2022-05-25 15:15:09', 1, '2022-05-25 15:41:12'),
(90, 1, 1, 1, 1, '2022-05-25 15:23:05', 1, '2022-05-25 15:40:59'),
(91, 1, 1, 1, 1, '2022-05-25 15:18:46', 1, '2022-05-25 15:41:29'),
(92, 1, 1, 1, 1, '2022-05-25 15:22:10', 1, '2022-05-25 15:41:32'),
(93, 1, 1, 1, 1, '2022-05-25 15:24:16', 0, NULL),
(94, 1, 1, 1, 1, '2022-05-25 15:25:46', 1, '2022-05-25 15:40:44'),
(95, 1, 1, 1, 1, '2022-05-25 15:25:21', 1, '2022-05-25 15:40:41'),
(96, 1, 1, 1, 1, '2022-05-25 15:26:22', 1, '2022-05-25 15:41:04'),
(97, 1, 1, 1, 1, '2022-05-25 15:26:43', 1, '2022-05-25 15:41:35'),
(98, 1, 1, 1, 1, '2022-05-25 15:36:17', 1, '2022-05-25 15:40:47'),
(99, 1, 1, 1, 1, '2022-05-25 15:35:23', 1, '2022-05-25 15:40:48'),
(100, 1, 1, 1, 1, '2022-05-25 15:36:07', 0, NULL),
(101, 1, 1, 1, 1, '2022-05-25 15:36:42', 1, '2022-05-25 15:40:51'),
(102, 1, 1, 1, 1, '2022-05-25 15:38:06', 1, '2022-05-25 15:40:54'),
(103, 1, 1, 1, 1, '2022-05-25 15:37:27', 1, '2022-05-25 15:40:45'),
(104, 1, 1, 1, 1, '2022-05-25 15:37:57', 1, '2022-05-25 15:40:38'),
(105, 1, 1, 1, 1, '2022-05-25 15:38:27', 0, NULL),
(106, 1, 1, 1, 1, '2022-05-25 15:38:50', 1, '2022-05-25 15:40:57'),
(110, 1, 1, 1, 1, '2022-05-25 15:47:26', 0, NULL),
(113, 70, 15, 15, 1, '2022-05-25 16:17:52', 0, NULL),
(115, 1, 1, 1, 1, '2022-05-25 16:28:27', 0, NULL),
(117, 70, NULL, NULL, 0, NULL, 0, NULL);

INSERT INTO `product_list` (`id`, `list_id`, `product_id`, `quantity`) VALUES
(182, 69, 17, 2),
(183, 69, 18, 1),
(184, 69, 38, 1),
(185, 69, 23, 1),
(186, 69, 27, 1),
(187, 69, 42, 1),
(188, 69, 49, 1),
(189, 69, 69, 1),
(190, 69, 70, 1),
(191, 69, 71, 1),
(192, 69, 33, 1),
(193, 69, 50, 6),
(194, 69, 51, 1),
(195, 69, 52, 1),
(196, 69, 19, 1),
(197, 69, 90, 1),
(198, 69, 91, 1),
(200, 69, 36, 1),
(201, 69, 124, 1),
(202, 69, 132, 1),
(203, 69, 130, 1),
(204, 69, 134, 2),
(205, 7, 32, 1),
(206, 69, 137, 2),
(207, 7, 21, 1),
(208, 69, 22, 1),
(209, 7, 39, 1),
(210, 69, 11, 1),
(211, 7, 28, 1),
(212, 7, 27, 1),
(213, 69, 47, 1),
(214, 69, 84, 1),
(215, 7, 37, 1),
(216, 7, 49, 1),
(217, 7, 64, 1),
(218, 7, 71, 1),
(219, 7, 74, 1),
(220, 7, 55, 1),
(221, 7, 50, 1),
(222, 7, 52, 1),
(223, 7, 13, 1),
(224, 7, 65, 1),
(225, 7, 81, 1),
(226, 7, 82, 1),
(227, 7, 90, 1),
(228, 7, 88, 1),
(229, 7, 36, 1),
(230, 7, 124, 1),
(231, 7, 128, 1),
(232, 7, 58, 1),
(233, 7, 135, 1),
(234, 7, 137, 1),
(235, 7, 138, 1),
(236, 7, 112, 1),
(237, 7, 117, 1),
(238, 7, 96, 1),
(239, 7, 60, 1),
(240, 7, 11, 1),
(241, 7, 99, 1),
(242, 7, 103, 1),
(243, 7, 106, 1),
(244, 7, 29, 1),
(245, 7, 47, 1),
(246, 83, 34, 1),
(247, 83, 124, 1),
(248, 84, 93, 1),
(249, 84, 125, 1),
(250, 85, 66, 4),
(251, 86, 95, 1),
(252, 86, 56, 1),
(253, 85, 20, 1),
(254, 87, 44, 1),
(255, 85, 48, 1),
(256, 87, 116, 1),
(257, 85, 35, 1),
(258, 85, 40, 1),
(259, 85, 41, 1),
(260, 88, 130, 1),
(261, 85, 67, 1),
(262, 85, 68, 1),
(263, 88, 135, 1),
(264, 85, 71, 1),
(265, 89, 96, 1),
(266, 85, 73, 1),
(267, 89, 101, 1),
(268, 89, 97, 1),
(269, 85, 43, 1),
(270, 89, 98, 1),
(271, 85, 53, 3),
(272, 85, 77, 3),
(273, 85, 89, 2),
(274, 85, 94, 1),
(275, 85, 57, 1),
(276, 85, 131, 1),
(277, 85, 113, 1),
(278, 85, 109, 1),
(279, 85, 115, 1),
(280, 85, 120, 1),
(281, 85, 123, 1),
(282, 85, 108, 1),
(283, 85, 61, 1),
(284, 85, 86, 1),
(285, 85, 47, 1),
(286, 91, 66, 2),
(287, 91, 30, 1),
(288, 91, 39, 1),
(289, 91, 49, 1),
(290, 91, 72, 1),
(291, 91, 63, 1),
(292, 91, 28, 1),
(293, 91, 26, 1),
(294, 92, 24, 1),
(295, 92, 38, 1),
(296, 92, 17, 2),
(297, 90, 31, 1),
(298, 92, 27, 2),
(299, 90, 39, 1),
(300, 92, 71, 1),
(301, 90, 71, 1),
(302, 90, 73, 1),
(303, 92, 63, 1),
(304, 92, 68, 4),
(305, 90, 26, 1),
(306, 90, 53, 2),
(307, 92, 54, 6),
(308, 90, 68, 2),
(309, 92, 74, 1),
(310, 90, 28, 1),
(311, 90, 41, 1),
(312, 90, 17, 1),
(313, 90, 79, 1),
(314, 90, 65, 1),
(315, 90, 14, 1),
(316, 92, 14, 2),
(317, 92, 62, 1),
(318, 90, 109, 1),
(319, 92, 92, 1),
(320, 90, 118, 1),
(321, 92, 127, 1),
(322, 90, 121, 1),
(323, 92, 125, 1),
(324, 90, 25, 1),
(325, 92, 22, 1),
(326, 90, 97, 1),
(327, 92, 47, 1),
(328, 92, 84, 1),
(329, 90, 101, 1),
(330, 93, 85, 1),
(331, 93, 17, 8),
(332, 90, 107, 1),
(333, 90, 86, 1),
(334, 90, 47, 1),
(335, 90, 84, 1),
(336, 93, 30, 1),
(337, 93, 42, 60),
(338, 93, 75, 1),
(339, 93, 73, 4),
(340, 94, 76, 1),
(341, 94, 30, 1),
(342, 93, 55, 20),
(343, 93, 45, 1),
(344, 94, 39, 1),
(345, 93, 39, 1),
(346, 94, 17, 4),
(347, 94, 42, 50),
(348, 94, 45, 1),
(349, 95, 78, 2),
(350, 94, 55, 10),
(351, 95, 93, 1),
(352, 94, 73, 2),
(353, 95, 126, 1),
(354, 95, 139, 1),
(355, 94, 92, 1),
(356, 95, 56, 1),
(357, 95, 89, 1),
(358, 94, 46, 1),
(359, 94, 137, 1),
(360, 94, 87, 1),
(361, 94, 85, 1),
(362, 96, 80, 2),
(363, 96, 88, 2),
(364, 97, 15, 1),
(365, 96, 60, 1),
(366, 97, 137, 1),
(367, 96, 51, 2),
(368, 97, 36, 1),
(369, 96, 138, 1),
(370, 97, 129, 1),
(371, 97, 117, 1),
(372, 99, 102, 2),
(373, 99, 60, 1),
(374, 100, 100, 1),
(375, 100, 22, 1),
(376, 100, 97, 1),
(377, 100, 106, 1),
(378, 98, 16, 2),
(379, 100, 105, 1),
(380, 98, 83, 2),
(381, 98, 88, 1),
(382, 98, 89, 1),
(383, 101, 104, 1),
(384, 101, 102, 1),
(385, 101, 98, 1),
(386, 101, 108, 1),
(387, 103, 110, 1),
(388, 103, 122, 1),
(389, 103, 117, 1),
(390, 103, 119, 1),
(391, 104, 111, 1),
(392, 104, 117, 1),
(393, 104, 118, 1),
(394, 102, 133, 1),
(395, 102, 59, 1),
(396, 104, 123, 1),
(397, 102, 135, 1),
(398, 102, 138, 1),
(399, 105, 114, 1),
(400, 105, 109, 1),
(401, 106, 136, 1),
(402, 106, 133, 1),
(403, 106, 57, 1),
(404, 106, 95, 1),
(406, 110, 68, 1),
(407, 113, 11, 1),
(408, 115, 17, 1);

COMMIT;

